Mobile Name,RAM GB,ROM GB,Ratings,Reviews,Stars,List Price,Sales Price
"Redmi 8 (Onyx Black, 64 GB)",4 GB,64 GB,674638,50064,4.4,10999,9999
"Realme 5i (Forest Green, 64 GB)",4 GB,64 GB,243106,16497,4.5,10999,10999
"Realme 5i (Aqua Blue, 64 GB)",4 GB,64 GB,243106,16497,4.5,10999,10999
"Redmi 8 (Sapphire Blue, 64 GB)",4 GB,32 GB,674638,50064,4.4,10999,9999
"POCO X2 (Matrix Purple, 128 GB)",6 GB,64 GB,133486,14732,4.5,19999,18499
"POCO X2 (Atlantis Blue, 64 GB)",6 GB,64 GB,133486,14732,4.5,18999,17499
"Realme 6 (Comet Blue, 64 GB)",6 GB,64 GB,30619,3002,4.4,17999,15999
"POCO X2 (Atlantis Blue, 128 GB)",6 GB,64 GB,133486,14732,4.5,19999,18499
"Realme C11 (Rich Green, 32 GB)",2 GB,128 GB,17476,1209,4.6,8999,7499
"Realme C11 (Rich Grey, 32 GB)",2 GB,32 GB,17476,1209,4.6,8999,7499
"Realme Narzo 10A (So White, 32 GB)",3 GB,32 GB,42968,2926,4.6,9999,8999
"Realme Narzo 10A (So Blue, 64 GB)",4 GB,64 GB,17313,1129,4.6,10999,9999
"Realme Narzo 10A (So White, 64 GB)",4 GB,32 GB,17313,1129,4.6,10999,9999
"Realme Narzo 10A (So Blue, 32 GB)",3 GB,64 GB,42968,2926,4.6,9999,8999
"POCO X2 (Matrix Purple, 64 GB)",6 GB,64 GB,133486,14732,4.5,18999,17499
"Realme 6 (Comet White, 64 GB)",6 GB,64 GB,30619,3002,4.4,17999,15999
"Apple iPhone XR (Black, 64 GB)",,32 GB,11572,975,4.6,52500,46999
"Infinix S5 Pro (Violet, 64 GB)",4 GB,64 GB,12764,1149,4.5,12999,11499
"Motorola G8 Power Lite (Royal Blue, 64 GB)",4 GB,64 GB,27992,2199,4.4,9999,9499
"Realme 6 Pro (Lightning Blue, 64 GB)",6 GB,16 GB,27363,2887,4.5,17999,17999
"Realme 6 Pro (Lightning Orange, 64 GB)",6 GB,64 GB,27363,2887,4.5,17999,17999
"Infinix Hot 9 Pro (Ocean Wave, 64 GB)",4 GB,64 GB,17040,1232,4.5,12999,10499
"Infinix Hot 9 Pro (Violet, 64 GB)",4 GB,64 GB,17040,1232,4.5,12999,10499
"Motorola G8 Power Lite (Arctic Blue, 64 GB)",4 GB,64 GB,27992,2199,4.4,9999,9499
"Motorola G8 Power Lite (Arctic Blue, 64 GB)",4 GB,64 GB,27992,2199,4.4,9999,9499
"Apple iPhone SE (White, 64 GB)",,64 GB,12954,1298,4.5,42500,40999
"OPPO A9 2020 (Space Purple, 128 GB)",4 GB,64 GB,31725,2948,4.3,18990,13990
"OPPO A9 2020 (Marine Green, 128 GB)",4 GB,128 GB,31725,2948,4.3,18990,13990
"Realme 6 Pro (Lightning Blue, 128 GB)",6 GB,128 GB,27363,2887,4.5,18999,18999
"Apple iPhone SE (Black, 64 GB)",,32 GB,12954,1298,4.5,42500,40999
"Apple iPhone XR ((PRODUCT)RED, 64 GB)",,64 GB,11572,975,4.6,52500,46999
"Redmi Note 8 Pro (Electric Blue, 128 GB)",6 GB,64 GB,55815,4614,4.4,17999,16999
"Apple iPhone SE (Red, 64 GB)",,128 GB,12954,1298,4.5,42500,40999
"Vivo Y15 (Burgundy Red, 64 GB)",4 GB,64 GB,20969,1505,4.4,15990,12990
"Vivo Y15 (Aqua Blue, 64 GB)",4 GB,64 GB,20969,1505,4.4,15990,12990
"Redmi 8A Dual (Sea Blue, 64 GB)",3 GB,64 GB,974,71,4.3,9750,9750
"Redmi 8A Dual (Sea Blue, 32 GB)",2 GB,64 GB,1246,81,4.2,8320,8320
"Redmi 8A Dual (Sky White, 32 GB)",2 GB,64 GB,1246,81,4.2,8499,8249
"Vivo Y12 (Aqua Blue, 64 GB)",3 GB,64 GB,13266,981,4.4,13990,10990
"Vivo Y12 (Burgundy Red, 64 GB)",3 GB,16 GB,13266,981,4.4,13990,10990
"OPPO A5s (Blue, 32 GB)",2 GB,32 GB,5815,438,4.3,12990,8990
"OPPO A5s (Black, 64 GB)",4 GB,32 GB,5365,394,4.3,15990,10990
"Redmi Note 8 Pro (Halo White, 128 GB)",6 GB,64 GB,55815,4614,4.4,17999,16999
"Apple iPhone SE (Black, 128 GB)",,64 GB,12954,1298,4.5,47800,45999
"Realme 6 Pro (Lightning Orange, 128 GB)",6 GB,64 GB,27363,2887,4.5,18999,18999
"OPPO A31 (Mystery Black, 64 GB)",4 GB,32 GB,9454,665,4.3,12990,12490
"OPPO A31 (Fantasy White, 64 GB)",4 GB,64 GB,9454,665,4.3,12990,12490
"Apple iPhone XR (Blue, 64 GB)",,128 GB,11572,975,4.6,52500,46999
"Apple iPhone XR (Blue, 64 GB)",,64 GB,11572,975,4.6,52500,46999
"I Kall K6 (Red, 32 GB)",4 GB,64 GB,615,57,3,7299,6699
"Vivo Y11 (Agate Red, 32 GB)",3 GB,64 GB,4744,268,4.4,9990,9990
"Vivo Y11 (Mineral Blue, 32 GB)",3 GB,128 GB,4744,268,4.4,9990,9990
"Vivo U10 (Electric Blue, 32 GB)",3 GB,128 GB,34333,2395,4.4,10990,10990
"I Kall K1000 (Blue, 64 GB)",4 GB,32 GB,840,111,2.9,7699,7699
"Vivo U10 (Thunder Black, 32 GB)",3 GB,64 GB,34333,2395,4.4,10990,10990
"POCO X2 (Atlantis Blue, 256 GB)",8 GB,64 GB,42062,4824,4.5,22999,21499
"Redmi Note 8 Pro (Shadow Black, 128 GB)",6 GB,128 GB,55815,4614,4.4,17999,16999
"Realme 6 (Comet White, 128 GB)",6 GB,64 GB,30620,3002,4.4,16999,16999
"OPPO A9 2020 (Space Purple, 128 GB)",8 GB,64 GB,11436,977,4.3,21990,15990
"I Kall K220 (Blue, 16 GB)",2 GB,64 GB,58,3,3.1,5699,5499
"OPPO A9 2020 (Marine Green, 128 GB)",8 GB,64 GB,11436,977,4.3,21990,15990
"Infinix Smart 4 Plus (Violet, 32 GB)",3 GB,64 GB,53,5,4.2,9999,7999
"Infinix Smart 4 Plus (Ocean Wave, 32 GB)",3 GB,64 GB,53,5,4.2,9999,7999
"I Kall K400 (Blue, 64 GB)",4 GB,16 GB,512,47,2.8,7299,7299
"Infinix Smart 4 Plus (Midnight Black, 32 GB)",3 GB,32 GB,53,5,4.2,9999,7999
"OPPO A12 (Black, 32 GB)",3 GB,32 GB,10388,761,4.3,10990,9990
"OPPO A12 (Blue, 64 GB)",4 GB,64 GB,666,32,4.4,11990,11490
"OPPO A12 (Blue, 32 GB)",3 GB,64 GB,10388,761,4.3,10990,9990
"OPPO A12 (Black, 64 GB)",4 GB,64 GB,666,32,4.4,11990,11490
"OPPO A5s (Green, 64 GB)",4 GB,32 GB,5365,394,4.3,15990,10990
"OPPO A5s (Gold, 64 GB)",4 GB,64 GB,5365,394,4.3,15990,10990
"Realme Narzo 10 (That Green, 128 GB)",4 GB,128 GB,74661,5759,4.5,12999,11999
"Vivo Z1x (Fusion Blue, 64 GB)",6 GB,128 GB,146650,15652,4.4,19990,16990
"I Kall K6 (Red, 32 GB)",4 GB,32 GB,615,57,3,7299,6699
"Vivo Z1x (Phantom Purple, 64 GB)",6 GB,128 GB,146650,15652,4.4,19990,16990
"Vivo Z1x (Fusion Blue, 128 GB)",8 GB,32 GB,19380,2042,4.4,24990,18990
Nokia 105 SS,4 GB,64 GB,75730,7229,4.3,1299,1299
"Apple iPhone 7 Plus (Black, 32 GB)",,64 GB,27442,2853,4.5,37900,34999
"Realme 6 (Comet White, 128 GB)",8 GB,128 GB,23466,2363,4.4,17999,17999
"I Kall K1000 (Blue, 64 GB)",4 GB,64 GB,840,111,2.9,7699,7699
"Tecno Spark Power 2 (Misty Grey, 64 GB)",4 GB,4 GB,9603,1157,4.4,11999,9999
"Realme Narzo 10 (That White, 128 GB)",4 GB,32 GB,74661,5759,4.5,12999,11999
"Realme Narzo 10 (That Blue, 128 GB)",4 GB,128 GB,74661,5759,4.5,12999,11999
"I Kall K220 (Blue, 16 GB)",2 GB,16 GB,58,3,3.1,5699,5499
"OPPO F15 (Unicorn White, 128 GB)",8 GB,64 GB,10277,936,4.4,22990,18990
"OPPO F15 (Blazing Blue, 128 GB)",8 GB,128 GB,10277,936,4.4,22990,18990
"Redmi Note 8 Pro (Shadow Black, 128 GB)",8 GB,128 GB,7137,621,4.4,19999,18999
"Vivo Y91i (Fusion Black, 32 GB)",2 GB,128 GB,21196,1445,4.3,9990,7990
"Vivo Y91i (Ocean Blue, 32 GB)",2 GB,128 GB,21196,1445,4.3,9990,7990
"I Kall K400 (Blue, 64 GB)",4 GB,64 GB,512,47,2.8,7299,7299
"Vivo S1 Pro (Mystic Black, 128 GB)",8 GB,128 GB,11571,891,4.4,20990,19990
"Tecno Camon 15 (Fascinating Purple, 64 GB)",4 GB,32 GB,2219,238,4.2,12499,11499
"Tecno Camon 15 (SHOAL GOLD, 64 GB)",4 GB,32 GB,2219,238,4.2,12499,11499
"Vivo Y30 (Emerald Black, 128 GB)",4 GB,32 GB,604,44,4.3,18990,14990
"Vivo Y30 (Dazzle Blue, 128 GB)",4 GB,128 GB,604,44,4.3,18990,14990
"Apple iPhone XR (White, 128 GB)",,64 GB,11572,975,4.6,57800,52999
"Realme C3 (Blazing Red, 32 GB)",3 GB,32 GB,67430,5102,4.5,8999,8999
"Realme C3 (Frozen Blue, 32 GB)",3 GB,32 GB,67430,5102,4.5,8999,8999
"Realme C3 (Frozen Blue, 64 GB)",4 GB,64 GB,117862,8088,4.5,9999,9999
"I Kall K6 (Red, 32 GB)",4 GB,32 GB,615,57,3,7299,6699
"Realme C2 (Diamond Blue, 32 GB)",2 GB,32 GB,805006,66292,4.4,7999,6999
"Realme C2 (Diamond Black, 32 GB)",2 GB,32 GB,805006,66292,4.4,7999,6999
"Realme C2 (Diamond Black, 32 GB)",3 GB,32 GB,133935,10009,4.4,8999,7499
"I Kall K1000 (Blue, 64 GB)",4 GB,64 GB,840,111,2.9,7699,7699
"Infinix S5 Pro (Forest Green, 64 GB)",4 GB,64 GB,12764,1149,4.5,12999,11499
"Realme C2 (Diamond Sapphire, 32 GB)",3 GB,32 GB,133935,10009,4.4,8999,7499
"Realme C2 (Diamond Ruby, 32 GB)",3 GB,32 GB,133935,10009,4.4,8999,7499
"I Kall K220 (Blue, 16 GB)",2 GB,16 GB,58,3,3.1,5699,5499
"Realme C2 (Diamond Blue, 32 GB)",3 GB,32 GB,133935,10009,4.4,8999,7499
"Infinix S5 Pro (Sea Blue, 64 GB)",4 GB,64 GB,12764,1149,4.5,12999,11499
"Realme 6 (Comet Blue, 64 GB)",4 GB,64 GB,59665,6337,4.4,14999,14999
"I Kall K400 (Blue, 64 GB)",4 GB,64 GB,512,47,2.8,7299,7299
"Realme 6 (Comet White, 64 GB)",4 GB,64 GB,59665,6337,4.4,14999,14999
"Redmi 8A Dual (Midnight Grey, 32 GB)",3 GB,32 GB,974,71,4.3,7999,7790
"Realme 6 Pro (Lightning Orange, 128 GB)",6 GB,128 GB,27365,2887,4.5,18999,18999
Lava 34 Plus,32 GB,32 GB,361,34,4.1,1699,1699
"Realme 6 (Comet Blue, 128 GB)",6 GB,128 GB,30622,3002,4.4,16999,16999
"Realme 6 Pro (Lightning Orange, 128 GB)",8 GB,128 GB,14361,1671,4.4,19999,19999
I Kall K14 New,32 GB,64 GB,7229,822,3.4,609,609
"Apple iPhone XR (White, 64 GB)",,64 GB,11572,975,4.6,52500,46999
"POCO C3 (Arctic Blue, 64 GB)",4 GB,64 GB,131468,8150,4.3,10999,8499
"POCO C3 (Matte Black, 64 GB)",4 GB,64 GB,131468,8150,4.3,10999,8499
"realme C15 (Power Blue, 64 GB)",4 GB,64 GB,104902,6473,4.4,12999,10999
"realme C15 Qualcomm Edition (Power Blue, 64 GB)",4 GB,64 GB,44802,2513,4.4,12999,10999
"realme C15 Qualcomm Edition (Power Silver, 64 GB)",4 GB,64 GB,44802,2513,4.4,12999,10999
"POCO C3 (Arctic Blue, 32 GB)",3 GB,32 GB,187773,13231,4.3,9999,7499
"realme C12 (Power Blue, 32 GB)",3 GB,32 GB,237127,14622,4.4,10999,8999
"realme C12 (Power Silver, 32 GB)",3 GB,32 GB,237127,14622,4.4,10999,8999
"realme C15 (Power Silver, 64 GB)",4 GB,64 GB,104902,6473,4.4,12999,10999
"realme C15 (Power Silver, 32 GB)",3 GB,32 GB,41681,3092,4.3,11999,9999
"POCO X3 (Cobalt Blue, 128 GB)",6 GB,128 GB,136297,13720,4.4,20999,17999
"POCO M3 (Cool Blue, 64 GB)",6 GB,64 GB,58291,4767,4.3,12999,10999
"realme C12 (Power Silver, 64 GB)",4 GB,64 GB,6472,342,4.4,10999,9999
"realme C12 (Power Blue, 64 GB)",4 GB,64 GB,6472,342,4.4,10999,9999
"POCO M3 (Power Black, 128 GB)",6 GB,128 GB,58291,4767,4.3,14999,11999
"realme C15 (Power Blue, 32 GB)",3 GB,32 GB,41681,3092,4.3,11999,9999
"Redmi 9i (Nature Green, 64 GB)",4 GB,64 GB,224444,12758,4.3,9999,7999
"realme C15 Qualcomm Edition (Power Silver, 32 GB)",3 GB,32 GB,2206,134,4.3,11999,9999
"realme C15 Qualcomm Edition (Power Blue, 32 GB)",3 GB,32 GB,2206,134,4.3,11999,9999
"Redmi 9i (Midnight Black, 64 GB)",4 GB,64 GB,224444,12758,4.3,9999,7999
"POCO M3 (Cool Blue, 128 GB)",6 GB,128 GB,58291,4767,4.3,14999,11999
"realme Narzo 30A (Laser Blue, 64 GB)",4 GB,64 GB,8453,479,4.5,10999,9999
"realme Narzo 30A (Laser Black, 32 GB)",3 GB,32 GB,5384,261,4.6,9999,8999
"realme Narzo 30A (Laser Blue, 32 GB)",3 GB,32 GB,5384,261,4.6,9999,8999
"POCO M3 (Yellow, 64 GB)",6 GB,64 GB,57727,4707,4.3,12999,10999
"Redmi 9 Power (Blazing Blue, 64 GB)",4 GB,64 GB,3767,298,4.3,13999,10999
"realme Narzo 30A (Laser Black, 64 GB)",4 GB,64 GB,8243,468,4.5,10999,9999
"Redmi 9 Prime (Mint Green, 64 GB)",4 GB,64 GB,71238,4812,4.4,11999,9499
"Redmi 9 Prime (Space Blue, 64 GB)",4 GB,64 GB,71238,4812,4.4,11999,9499
"Redmi 9 Prime (Sunrise Flare, 64 GB)",4 GB,64 GB,71238,4812,4.4,11999,9499
"Infinix Hot 10 (Ocean Wave, 64 GB)",4 GB,64 GB,48002,3925,4.4,11999,9499
"Infinix Hot 10 (Amber Red, 64 GB)",4 GB,64 GB,48002,3925,4.4,11999,9499
"Infinix Hot 10 (Obsidian Black, 64 GB)",4 GB,64 GB,48002,3925,4.4,11999,9499
"Infinix Hot 10 (Moonlight Jade, 64 GB)",4 GB,64 GB,48002,3925,4.4,11999,9499
"APPLE iPhone 11 (White, 64 GB)",,64 GB,36305,2815,4.6,54900,46999
"POCO M3 (Power Black, 64 GB)",6 GB,64 GB,57727,4707,4.3,12999,10999
"POCO M2 Pro (Out of the Blue, 64 GB)",4 GB,64 GB,174977,17866,4.4,16999,12999
"realme Narzo 20A (Victory Blue, 64 GB)",4 GB,64 GB,168591,10519,4.4,11999,9499
"realme Narzo 20A (Glory Silver, 64 GB)",4 GB,64 GB,168591,10519,4.4,11999,9499
"realme Narzo 20A (Glory Silver, 32 GB)",3 GB,32 GB,68209,5300,4.3,10999,8499
"realme C11 (Rich Grey, 32 GB)",2 GB,32 GB,408675,27255,4.4,8999,7499
"realme C11 (Rich Green, 32 GB)",2 GB,32 GB,408675,27255,4.4,8999,7499
"realme 7 (Mist Blue, 128 GB)",8 GB,128 GB,65910,6614,4.3,20999,16999
"realme 7 (Mist Blue, 64 GB)",6 GB,64 GB,218078,21657,4.3,17999,14999
"GIONEE Max (Royal Blue, 32 GB)",2 GB,32 GB,46077,4530,4.1,7990,5499
"GIONEE Max (Red, 32 GB)",2 GB,32 GB,46077,4530,4.1,7990,5499
"Redmi 9 Power (Mighty Black, 64 GB)",4 GB,64 GB,3767,298,4.3,13999,10999
"POCO X3 (Shadow Gray, 128 GB)",6 GB,128 GB,135918,13678,4.4,20999,17999
"POCO C3 (Matte Black, 32 GB)",3 GB,32 GB,187773,13231,4.3,9999,7499
"POCO M2 Pro (Green and Greener, 64 GB)",6 GB,64 GB,244292,24651,4.4,17999,13999
"MOTOROLA G30 (Dark Pearl, 64 GB)",4 GB,64 GB,993,139,4.2,14999,10999
"Infinix Smart 5 (Morandi Green, 32 GB)",2 GB,32 GB,7767,629,4.4,8999,7199
"Infinix Smart 5 (Obsidian Black, 32 GB)",2 GB,32 GB,7767,629,4.4,8999,7199
"Infinix Smart 5 (Aegean Blue, 32 GB)",2 GB,32 GB,7767,629,4.4,8999,7199
"APPLE iPhone 11 (Black, 64 GB)",,64 GB,36457,2831,4.6,54900,46999
"realme Narzo 20 (Glory Silver, 128 GB)",4 GB,128 GB,361701,28306,4.3,13999,11499
"realme Narzo 20 (Glory Silver, 64 GB)",4 GB,64 GB,361701,28306,4.3,12999,10499
"realme Narzo 20 (Victory Blue, 128 GB)",4 GB,128 GB,361701,28306,4.3,13999,11499
"Redmi 9 Prime (Matte Black, 64 GB)",4 GB,64 GB,71603,4834,4.4,11999,9499
"Infinix Smart 4 Plus (Ocean Wave, 32 GB)",3 GB,32 GB,141830,12271,4.4,9999,7999
"Infinix Smart 4 Plus (Quetzal Cyan, 32 GB)",3 GB,32 GB,141830,12271,4.4,9999,7999
"GIONEE Max (Black, 32 GB)",2 GB,32 GB,46307,4552,4.1,7990,5499
"realme 7i (Fusion Green, 64 GB)",4 GB,64 GB,244595,18016,4.3,13999,11999
"POCO M2 Pro (Out of the Blue, 64 GB)",6 GB,64 GB,244292,24651,4.4,17999,13999
"Infinix Smart HD 2021 (Obsidian Black, 32 GB)",2 GB,32 GB,29352,1899,4.4,7999,6499
"Infinix Smart HD 2021 (Topaz Blue, 32 GB)",2 GB,32 GB,29352,1899,4.4,7999,6499
"Infinix Smart HD 2021 (Quartz Green, 32 GB)",2 GB,32 GB,29352,1899,4.4,7999,6499
"POCO C3 (Lime Green, 64 GB)",4 GB,64 GB,131468,8150,4.3,10999,8499
"Redmi 9 Power (Electric Green, 64 GB)",4 GB,64 GB,3872,307,4.3,13999,10999
"Infinix Smart 4 Plus (Midnight Black, 32 GB)",3 GB,32 GB,141830,12271,4.4,9999,7999
"Infinix Smart 4 Plus (Violet, 32 GB)",3 GB,32 GB,141830,12271,4.4,9999,7999
"Tecno Spark Power 2 Air (Ice Jadeite, 32 GB)",3 GB,32 GB,15593,1356,4.3,9999,8499
"Tecno Spark Power 2 Air (Cosmic Shine, 32 GB)",3 GB,32 GB,15593,1356,4.3,9999,8499
"APPLE iPhone 11 (Purple, 64 GB)",,64 GB,36457,2831,4.6,54900,46999
"realme Narzo 20 Pro (Black Ninja, 64 GB)",6 GB,64 GB,79015,6272,4.3,16999,14999
"Infinix Smart 5 (7° Purple, 32 GB)",2 GB,32 GB,7767,629,4.4,8999,7199
"realme 7i (Fusion Blue, 64 GB)",4 GB,64 GB,244595,18016,4.3,13999,11999
"realme 7i (Fusion Blue, 128 GB)",4 GB,128 GB,244595,18016,4.3,14999,12999
"realme 7i (Fusion Green, 128 GB)",4 GB,128 GB,244595,18016,4.3,14999,12999
"POCO X3 (Cobalt Blue, 64 GB)",6 GB,64 GB,136298,13720,4.4,19999,16999
"POCO X3 (Cobalt Blue, 128 GB)",8 GB,128 GB,22209,2176,4.3,22999,19999
"POCO M2 Pro (Two Shades of Black, 64 GB)",4 GB,64 GB,175237,17893,4.4,16999,12999
"realme Narzo 30 Pro 5G (Sword Black, 64 GB)",6 GB,64 GB,4725,376,4.5,18999,16999
"realme Narzo 30 Pro 5G (Blade Silver, 64 GB)",6 GB,64 GB,4725,376,4.5,18999,16999
"MOTOROLA G30 (Pastel Sky, 64 GB)",4 GB,64 GB,993,139,4.2,14999,10999
"realme 7 (Mist White, 128 GB)",8 GB,128 GB,66083,6629,4.3,20999,16999
"MOTOROLA G10 Power (Breeze Blue, 64 GB)",4 GB,64 GB,888,112,4.3,12999,9999
"MOTOROLA G10 Power (Aurora Grey, 64 GB)",4 GB,64 GB,888,112,4.3,12999,9999
"realme Narzo 20 Pro (White Knight, 64 GB)",6 GB,64 GB,79015,6272,4.3,16999,14999
"POCO M2 (Slate Blue, 64 GB)",6 GB,64 GB,337780,25670,4.3,12999,9999
"POCO M2 Pro (Two Shades of Black, 64 GB)",6 GB,64 GB,244292,24651,4.4,17999,13999
"Infinix Hot 10 (Amber Red, 128 GB)",6 GB,128 GB,60103,6233,4.4,13999,10999
"realme X7 5G (Space Silver, 128 GB)",8 GB,128 GB,2403,197,4.4,23999,21999
"realme X7 5G (Space Silver, 128 GB)",6 GB,128 GB,13219,1342,4.4,21999,19999
"realme Narzo 30 Pro 5G (Sword Black, 128 GB)",8 GB,128 GB,1784,191,4.3,21999,19999
"realme Narzo 30 Pro 5G (Blade Silver, 128 GB)",8 GB,128 GB,1784,191,4.3,21999,19999
"OPPO F19 Pro (Fluid Black, 128 GB)",8 GB,128 GB,202,10,4.4,23990,21490
"OPPO F19 Pro (Crystal Silver, 128 GB)",8 GB,128 GB,202,10,4.4,23990,21490
"POCO M2 (Brick Red, 64 GB)",6 GB,64 GB,337780,25670,4.3,12999,9999
"OPPO A12 (Black, 32 GB)",3 GB,32 GB,26710,1978,4.3,10990,8990
"OPPO A12 (Deep Blue, 32 GB)",3 GB,32 GB,26710,1978,4.3,10990,8990
"Apple iPhone XR (Black, 64 GB) (Includes EarPods, Power Adapter)",,64 GB,77597,6641,4.6,47900,38999
Nokia TA-1010/105,4 MB,4 MB,38243,3228,4.3,1159,1150
"Infinix Hot 10 (Obsidian Black, 128 GB)",6 GB,128 GB,60103,6233,4.4,13999,10999
"Infinix Hot 10 (Moonlight Jade, 128 GB)",6 GB,128 GB,60103,6233,4.4,13999,10999
"realme 6 (Comet White, 64 GB)",6 GB,64 GB,173283,16307,4.4,17999,14999
"OPPO A12 (Blue, 64 GB)",4 GB,64 GB,11972,605,4.4,11990,11490
"SAMSUNG Galaxy F41 (Fusion Black, 128 GB)",6 GB,128 GB,240883,28860,4.3,20999,16499
"SAMSUNG Galaxy F41 (Fusion Blue, 128 GB)",6 GB,128 GB,240883,28860,4.3,20999,16499
"OPPO A12 (Flowing Silver, 32 GB)",3 GB,32 GB,26710,1978,4.3,10990,8990
"MOTOROLA E7 Power (Tahiti Blue, 64 GB)",4 GB,64 GB,8096,828,4.1,11999,8299
"POCO M2 (Brick Red, 128 GB)",6 GB,128 GB,337780,25670,4.3,14999,10999
Nokia 105 SS 2020,4 MB,4 MB,50627,4034,4.3,1153,1145
"realme Narzo 20A (Victory Blue, 32 GB)",3 GB,32 GB,68321,5311,4.3,10999,8499
"realme 7 (Mist White, 64 GB)",6 GB,64 GB,218312,21683,4.3,17999,14999
"realme Narzo 20 (Victory Blue, 64 GB)",4 GB,64 GB,361701,28306,4.3,12999,10499
"Redmi 9i (Sea Blue, 64 GB)",4 GB,64 GB,224444,12758,4.3,9999,7999
"POCO M2 (Pitch Black, 64 GB)",6 GB,64 GB,337780,25670,4.3,12999,9999
"realme Narzo 20 Pro (White Knight, 128 GB)",8 GB,128 GB,42550,3535,4.3,18999,16999
"Infinix Hot 10 (Ocean Wave, 128 GB)",6 GB,128 GB,60103,6233,4.4,13999,10999
"realme X7 5G (Nebula, 128 GB)",6 GB,128 GB,13219,1342,4.4,21999,19999
"Redmi Note 9 Pro Max (Interstellar Black, 64 GB)",6 GB,64 GB,23474,1899,4.4,18999,14999
"Infinix Zero 8i (Silver Diamond, 128 GB)",8 GB,128 GB,3885,540,4.2,18999,15999
"Infinix Zero 8i (Black Diamond, 128 GB)",8 GB,128 GB,3885,540,4.2,18999,15999
"IQOO 3 (Tornado Black, 256 GB)",8 GB,256 GB,13175,2165,4.5,40990,32990
"OPPO A12 (Blue, 32 GB)",3 GB,32 GB,26710,1978,4.3,10990,8990
"realme Narzo 20 Pro (Black Ninja, 128 GB)",8 GB,128 GB,42550,3535,4.3,18999,16999
"SAMSUNG Galaxy F41 (Fusion Green, 128 GB)",6 GB,128 GB,240883,28860,4.3,20999,16499
"realme 7 Pro (Mirror Blue, 128 GB)",6 GB,128 GB,71484,7395,4.4,20999,19999
"ViVO Y12s (Phantom Black, 32 GB)",3 GB,32 GB,2745,164,4.3,13990,9990
"ViVO Y20G (Obsidian Black, 128 GB)",6 GB,128 GB,206,15,4.4,18990,14990
"POCO X3 (Shadow Gray, 128 GB)",8 GB,128 GB,22209,2176,4.3,22999,19999
"APPLE iPhone 11 (Green, 64 GB)",,64 GB,36457,2831,4.6,54900,46999
Nokia 105 SS 2020,4 MB,4 MB,50627,4034,4.3,1154,1145
SAMSUNG Guru 1200,,,151745,13705,4.3,1410,1150
LAVA Flip,32 MB,32 MB,2046,253,4.2,1999,1683
"realme C3 (Frozen Blue, 32 GB)",3 GB,32 GB,134812,10263,4.4,13999,8999
"Redmi 9 Power (Fiery Red, 64 GB)",4 GB,64 GB,3873,307,4.3,16990,10999
"Google Pixel 4a (Just Black, 128 GB)",6 GB,128 GB,14893,2907,4.6,59900,31999
"ViVO Y20G (Obsidian Black, 64 GB)",4 GB,64 GB,166,15,4.1,13990,12990
"APPLE iPhone 11 (Black, 128 GB)",,128 GB,36457,2831,4.6,1950,53999
"ViVO Y12s (Glacier Blue, 32 GB)",3 GB,32 GB,2745,164,4.3,1999,9990
SAMSUNG Guru Music 2,,,166530,16289,4.3,,1710
LAVA Flip,32 MB,32 MB,2046,253,4.2,,1683
LAVA A1 Josh,4 MB,1 KB,18435,1943,4.2,1099,897
LAVA A1 Josh,4 MB,1 KB,18435,1943,4.2,1099,897
Nokia 110 DS 2020,4 MB,4 MB,8374,667,4,1593,1570
LAVA A3,4 MB,3 MB,17984,2185,4.2,1299,1073
LAVA A3,4 MB,3 MB,17984,2185,4.2,1299,1073
"ViVO Y50 (Iris Blue, 128 GB)",8 GB,128 GB,16180,1199,4.4,19990,16490
"realme 7 Pro (Mirror Blue, 128 GB)",8 GB,128 GB,29091,2835,4.4,22999,21999
"Redmi Note 9 Pro Max (Champagne Gold, 64 GB)",6 GB,64 GB,23474,1899,4.4,18999,14999
"IQOO 3 (5G) (Tornado Black, 256 GB)",12 GB,256 GB,2270,379,4.4,46990,39990
Grabo G106,64 MB,64 MB,2536,301,3.6,759,689
"MOTOROLA G9 Power (Electric Violet, 64 GB)",4 GB,64 GB,19949,2079,4.1,15999,11999
"MOTOROLA E7 Power (Coral Red, 64 GB)",4 GB,64 GB,8096,828,4.1,11999,8299
"SAMSUNG Galaxy F41 (Fusion Green, 64 GB)",6 GB,64 GB,240883,28860,4.3,19999,15999
Micromax X378,32 MB,32 MB,5399,454,4,849,822
"ViVO Y20i (Nebula Blue, 64 GB)",3 GB,64 GB,7235,508,4.3,15490,11490
Nokia 105 SS 2020,4 MB,4 MB,50627,4034,4.3,12999,1135
"MOTOROLA E7 Plus (Misty Blue, 64 GB)",4 GB,64 GB,38308,3503,4.2,1489,9999
SAMSUNG Guru 1200,,,151745,13705,4.3,18999,1323
"POCO X2 (Matrix Purple, 64 GB)",6 GB,64 GB,255284,27873,4.5,19999,14999
"POCO M2 Pro (Green and Greener, 128 GB)",6 GB,128 GB,244292,24651,4.4,1350,15999
Nokia TA-1174 / TA-1299,4 MB,4 MB,44916,4585,4.2,9999,1339
"POCO C3 (Lime Green, 32 GB)",3 GB,32 GB,187774,13231,4.3,19990,7499
"ViVO Y50 (Pearl White, 128 GB)",8 GB,128 GB,16180,1199,4.4,21990,16490
"ViVO Y51A (Crystal Symphony, 128 GB)",8 GB,128 GB,1384,91,4.4,,17990
"SAMSUNG Galaxy F41 (Fusion Black, 64 GB)",6 GB,64 GB,240883,28860,4.3,19999,15999
"Tecno Spark 6 Go (Aqua Blue, 64 GB)",4 GB,64 GB,2899,138,4.3,9999,8699
"Tecno Spark 6 Go (Mystery White, 64 GB)",4 GB,64 GB,2899,138,4.3,9999,8699
"APPLE iPhone 11 (Red, 64 GB)",,64 GB,36457,2831,4.6,54900,46999
"IQOO 3 (Quantum Silver, 256 GB)",8 GB,256 GB,13175,2165,4.5,40990,32990
"ViVO Y20i (Dawn White, 64 GB)",3 GB,64 GB,7235,508,4.3,15490,11490
"Redmi 9 (Sky Blue, 64 GB)",4 GB,64 GB,9937,609,4.2,9299,9142
"realme 7 Pro (Mirror Silver, 128 GB)",8 GB,128 GB,29091,2835,4.4,22999,21999
"realme 7 Pro (Mirror Silver, 128 GB)",6 GB,128 GB,71484,7395,4.4,20999,19999
SAMSUNG Guru Music 2,,,166530,16289,4.3,1950,1710
"POCO M2 (Pitch Black, 128 GB)",6 GB,128 GB,337781,25670,4.3,14999,10999
"OPPO A12 (Deep Blue, 64 GB)",4 GB,64 GB,11971,605,4.4,1662,11990
"OPPO A12 (Black, 64 GB)",4 GB,64 GB,11971,605,4.4,822,11490
SAMSUNG Guru FM Plus SM-B110E/D,,,54274,5604,4.3,18990,1449
Micromax X378,32 MB,32 MB,5399,454,4,15999,814
"ViVO Y30 (Emerald Black, 128 GB)",6 GB,128 GB,1191,83,4.3,14400,14990
"Redmi 9 Power (Blazing Blue, 128 GB)",4 GB,128 GB,3872,307,4.3,1889,11999
"Redmi Note 9 Pro (Interstellar Black, 128 GB)",4 GB,128 GB,18211,1299,4.4,1599,14351
SAMSUNG Guru Music 2,,,166530,16289,4.3,19999,1888
LAVA GEM,512 MB,512 MB,15164,1761,4.2,14999,1577
"POCO M2 Pro (Two Shades of Black, 128 GB)",6 GB,128 GB,244292,24651,4.4,2499,15999
"POCO M3 (Yellow, 128 GB)",6 GB,128 GB,58291,4767,4.3,14999,11999
Micromax X741,32 MB,32 MB,37727,3873,4,,1289
"Infinix Note 7 (Aether Black, 64 GB)",4 GB,64 GB,20630,2186,4.3,,10999
"Infinix Note 7 (Forest Green, 64 GB)",4 GB,64 GB,20630,2186,4.3,14999,10999
"Itel Vision1 (Gradation Green, 32 GB)",3 GB,32 GB,18455,1613,4.1,8299,6549
GFive A2,32 MB,32 MB,914,77,3.8,16200,659
"Redmi Note 9 (Arctic White, 128 GB)",4 GB,128 GB,17436,1305,4.3,12390,13318
"Redmi Note 9 (Aqua Green, 64 GB)",4 GB,64 GB,17436,1305,4.3,23368,11349
"Mi 10i (Atlantic Blue, 128 GB)",6 GB,128 GB,649,52,4.4,9999,22651
"MOTOROLA E7 Power (Tahiti Blue, 32 GB)",2 GB,32 GB,109,10,4.2,24999,7499
"SAMSUNG Galaxy A32 (Awesome Black, 128 GB)",6 GB,128 GB,32,3,4.6,20990,21999
"OPPO F19PRO+ (Space Silver, 128 GB)",8 GB,128 GB,31000,2519,4.4,1662,25890
"ViVO S1 Pro (Mystic Black, 128 GB)",8 GB,128 GB,54274,5604,4.3,21990,18990
SAMSUNG Guru FM Plus SM-B110E/D,,,1384,91,4.4,10999,1449
"ViVO Y51A (Titanium Sapphire, 128 GB)",8 GB,128 GB,224444,12758,4.3,8499,17990
"Redmi 9i (Midnight Black, 128 GB)",4 GB,128 GB,6344,352,4.3,12999,9299
"Redmi 9A (SeaBlue, 32 GB)",2 GB,32 GB,6344,352,4.3,925,7419
"Redmi 9A (Midnight Black, 32 GB)",2 GB,32 GB,80653,7133,4.4,20490,7300
"Infinix Hot 9 Pro (Ocean Wave, 64 GB)",4 GB,64 GB,18672,1616,4.1,18990,10499
Kechaoda K115,32 MB,32 MB,1327,111,4.4,1478,889
"ViVO Y31 (Ocean Blue, 128 GB)",6 GB,128 GB,9162,587,4.3,2324,16490
"ViVO Y30 (Emerald Black, 128 GB)",4 GB,128 GB,984,111,4.1,16999,13990
Micromax X817,32 MB,32 MB,7573,589,4.1,10989,1464
Nokia 150 DS 2020,4 MB,4 MB,187,13,4.3,8299,2260
"Redmi 9 Power (Mighty Black, 128 GB)",6 GB,128 GB,155,12,4.1,,12999
"SAMSUNG M02s (Blue, 64 GB)",4 GB,64 GB,18455,1613,4.1,,10339
"Itel Vision1 (Gradation Blue, 32 GB)",3 GB,32 GB,,,4.3,,6549
"POCO M2 Pro (Green and Greener, 64 GB)",4 GB,64 GB,175236,17893,4.4,16999,12999
"Redmi Note 9 (Pebble Grey, 128 GB)",4 GB,128 GB,17436,1305,4.3,16499,13139
"Redmi Note 9 (Scarlet Red, 128 GB)",6 GB,128 GB,2710,183,4.3,18999,16499
KARBONN KX3,32 MB,32 MB,4580,372,3.9,799,797
"SAMSUNG Galaxy A21s (Blue, 64 GB)",4 GB,64 GB,16090,1549,4.2,17999,13999
"Redmi 9A (Nature Green, 32 GB)",2 GB,32 GB,6344,352,4.3,59900,7451
"Itel VISION1 (GRADATION GREEN, 32 GB)",2 GB,32 GB,158,15,4.2,12499,6598
Kechaoda K115,32 MB,32 MB,18672,1616,4.1,22999,923
"Redmi Note 10 (Aqua Green, 128 GB)",6 GB,128 GB,36457,2831,4.6,14999,16796
"APPLE iPhone 11 (White, 128 GB)",,128 GB,9760,961,4.2,20990,53999
"Tecno Camon 15 (Dark Jade, 64 GB)",4 GB,64 GB,29091,2835,4.4,7999,9999
"realme 7 Pro (Sun Kissed Leather, 128 GB)",8 GB,128 GB,984,111,4.1,7999,21999
Micromax X817,32 MB,32 MB,185488,13248,4.4,7999,1484
"realme C3 (Frozen Blue, 64 GB)",4 GB,64 GB,185488,13248,4.4,15990,9999
"realme C3 (Blazing Red, 64 GB)",4 GB,64 GB,11972,605,4.4,,9999
"OPPO A12 (Flowing Silver, 64 GB)",4 GB,64 GB,20630,2186,4.3,,11990
"Infinix Note 7 (Bolivia Blue, 64 GB)",4 GB,64 GB,914,77,3.8,,10999
GFive A2,32 MB,32 MB,31000,2519,4.4,,659
"ViVO S1 Pro (Jazzy Blue, 128 GB)",8 GB,128 GB,39240,3772,4.3,,18990
"Tecno Spark Go 2020 (Ice jadeite, 32 GB)",2 GB,32 GB,39240,3772,4.3,,6999
"Tecno Spark Go 2020 (Mystery White, 32 GB)",2 GB,32 GB,39240,3772,4.3,,6999
"Tecno Spark Go 2020 (Aqua Blue, 32 GB)",2 GB,32 GB,19122,1191,4.4,,6999
"OPPO A53 (Fancy Blue, 64 GB)",4 GB,64 GB,342,33,3.8,,12990
Salora Atom,32 MB,32 MB,,,3.9,,599
Salora Atom,32 MB,32 MB,342,33,3.8,10999,599
Kechaoda K115,32 MB,32 MB,18672,1616,4.1,12990,923
"Redmi Note 10 (Aqua Green, 128 GB)",6 GB,128 GB,9937,609,4.2,779,16499
"Redmi Note 10 (Shadow Black, 128 GB)",6 GB,128 GB,1835,129,4.2,779,15925
"Redmi 9 (Carbon Black, 64 GB)",4 GB,64 GB,240,17,4.3,780,9117
"OPPO A33 (Mint Cream, 32 GB)",3 GB,32 GB,240,17,4.3,7929,10990
Itel Ace,4 MB,4 MB,240,17,4.3,15795,763
Itel Ace,4 MB,4 MB,16943,1273,4.2,12999,766
Itel Ace,4 MB,4 MB,7974,638,4.3,12999,775
"SAMSUNG Galaxy M01 (Black, 32 GB)",3 GB,32 GB,80653,7133,4.4,1999,7816
"SAMSUNG Galaxy M31 (Ocean Blue, 64 GB)",6 GB,64 GB,80653,7133,4.4,1255,15460
"Infinix Hot 9 Pro (Violet, 64 GB)",4 GB,64 GB,37727,3873,4,52900,10499
"Infinix Hot 9 Pro (Quetzal Cyan, 64 GB)",4 GB,64 GB,37727,3873,4,1119,10499
Micromax X741,32 MB,32 MB,77597,6641,4.6,1119,1195
Micromax X741,32 MB,32 MB,90286,10050,4.2,1119,1229
"Apple iPhone XR (Black, 128 GB) (Includes EarPods, Power Adapter)",,128 GB,14480,1414,4.2,1119,43999
LAVA A1,24 MB,24 MB,14480,1414,4.2,1119,931
LAVA A1,4 MB,24 MB,90286,10050,4.2,9990,931
LAVA A1,4 MB,24 MB,14480,1414,4.2,16999,931
LAVA A1,24 MB,24 MB,8176,544,4.3,,931
LAVA A1,4 MB,24 MB,187,13,4.3,,931
"ViVO Y91i (Fusion Black, 32 GB)",3 GB,32 GB,5598,498,3.9,,8490
"Redmi 9 Power (Electric Green, 128 GB)",6 GB,128 GB,,,4,,12999
"SAMSUNG M01 core (Blue, 32 GB)",2 GB,32 GB,,,5,,6199
"SAMSUNG Galaxy F62 (Laser Blue, 128 GB)",8 GB,128 GB,3224,524,4.3,31999,25999
Kechaoda K112,32 MB,64 MB,9262,1113,4,1310,1280
Kechaoda K112,32 MB,64 MB,9262,1113,4,1314,1297
"SAMSUNG Galaxy A21s (Black, 64 GB)",4 GB,64 GB,16057,1546,4.2,17999,13999
"Redmi Note 9 Pro (Aurora Blue, 128 GB)",4 GB,128 GB,18180,1294,4.4,11999,14799
"Tecno POVA (Magic Blue, 64 GB)",4 GB,64 GB,3812,425,4.3,12499,10499
"Tecno Camon 15 (SHOAL GOLD, 64 GB)",4 GB,64 GB,9744,959,4.2,17999,9999
"SAMSUNG Galaxy A21s (White, 64 GB)",4 GB,64 GB,16057,1546,4.2,13999,13999
"Redmi 9 Prime (Mint Green, 128 GB)",4 GB,128 GB,71238,4812,4.4,15990,10999
"OPPO A53 (Electric Black, 64 GB)",4 GB,64 GB,19106,1188,4.4,17990,12990
"OPPO A53 (Electric Black, 128 GB)",6 GB,128 GB,3971,282,4.3,9990,15490
"ViVO Y11 (Mineral Blue, 32 GB)",3 GB,32 GB,16262,1126,4.3,9990,9490
"ViVO Y11 (Agate Red, 32 GB)",3 GB,32 GB,16262,1126,4.3,1719,9490
Nokia 110 DS 2020,4 MB,4 MB,8356,666,4,18999,1615
"POCO X2 (Atlantis Blue, 64 GB)",6 GB,64 GB,255202,27867,4.5,12162,14999
Nokia 150 DS 2020,4 MB,4 MB,7555,588,4.1,18999,2289
"Redmi Note 9 (Arctic White, 64 GB)",4 GB,64 GB,17411,1304,4.3,759,11620
"Redmi Note 9 (Scarlet Red, 128 GB)",6 GB,128 GB,2710,183,4.3,10999,16499
Grabo G106,64 MB,64 MB,2525,300,3.6,52900,689
"Redmi 9i (Nature Green, 128 GB)",4 GB,128 GB,223992,12730,4.3,899,9299
"Apple iPhone XR (White, 128 GB) (Includes EarPods, Power Adapter)",,128 GB,77544,6632,4.6,8999,43999
Good One 5605,32 MB,32 MB,49,9,3.9,13780,799
"realme 3i (Diamond Blue, 32 GB)",3 GB,32 GB,296008,26266,4.4,,8499
"OPPO A31 (Fantasy White, 128 GB)",6 GB,128 GB,20999,1329,4.3,,13387
"SAMSUNG Galaxy M31 (Space Black, 128 GB)",6 GB,128 GB,7974,638,4.3,16200,18888
"Redmi Note 9 (Arctic White, 128 GB)",4 GB,128 GB,17436,1305,4.3,12390,13318
"Redmi Note 9 (Aqua Green, 64 GB)",4 GB,64 GB,17436,1305,4.3,1412,11349
Nokia 105 DS 2020,4 MB,4 MB,11518,917,4.2,17990,1322
"OPPO A52 (Twilight Black, 128 GB)",4 GB,128 GB,44231,3109,4.4,15999,14990
KARBONN K9,,,5681,519,4.1,12945,1235
"Redmi 9 Power (Electric Green, 128 GB)",4 GB,128 GB,3872,307,4.3,1119,11999
"Redmi 9 Power (Blazing Blue, 128 GB)",4 GB,128 GB,3872,307,4.3,1119,12378
GREENBERRI F1,64 MB,64 MB,119,9,4.1,1119,1399
LAVA A1,24 MB,24 MB,90286,10050,4.2,1119,931
LAVA A1,4 MB,24 MB,14480,1414,4.2,1119,931
LAVA A1,4 MB,24 MB,14480,1414,4.2,12499,931
LAVA A1,24 MB,24 MB,90286,10050,4.2,1380,931
LAVA A1,4 MB,24 MB,14480,1414,4.2,759,931
"Tecno Camon 15 (SHOAL GOLD, 64 GB)",4 GB,64 GB,9760,961,4.2,20490,9999
SAMSUNG Guru 1200,,,151745,13705,4.3,14500,1364
Grabo G312,64 MB,64 MB,2409,195,3.6,2340,689
"ViVO Y31 (Racing Black, 128 GB)",6 GB,128 GB,1327,111,4.4,,16490
"OPPO A52 (Stream White, 128 GB)",4 GB,128 GB,44231,3109,4.4,,13690
SAMSUNG Metro 313 Dual Sim,16 MB,2 MB,12157,1258,4.2,,2315
Itel IT2163,4 MB,4 MB,396,30,4,,810
"Redmi Note 9 Pro (Aurora Blue, 128 GB)",4 GB,128 GB,18211,1299,4.4,,14799
Micromax X817,32 MB,32 MB,984,111,4.1,,1485
"Redmi Note 8 (Moonlight White, 64 GB)",4 GB,64 GB,49504,3632,4.4,,12988
"realme 3i (Diamond Red, 32 GB)",3 GB,32 GB,296035,26267,4.4,8999,8499
Micromax X381,32 MB,32 MB,940,79,4,2499,893
Micromax X746,32 MB,32 MB,11356,1338,4,2999,1399
Nokia 216 DS 2020,16 MB,,42575,4718,4.2,17990,2779
"OPPO A53 (Fairy White, 128 GB)",6 GB,128 GB,3981,282,4.3,2308,15490
SAMSUNG Metro 313 Dual Sim,10 MB,2 MB,11148,1028,4.3,16499,2295
"Redmi Note 9 (Pebble Grey, 128 GB)",4 GB,128 GB,17436,1305,4.3,12431,13139
"Redmi Note 9 (Pebble Grey, 64 GB)",4 GB,64 GB,17436,1305,4.3,37990,11697
"IQOO 3 (Quantum Silver, 128 GB)",8 GB,128 GB,13175,2165,4.5,37990,29990
"IQOO 3 (Tornado Black, 128 GB)",8 GB,128 GB,13175,2165,4.5,16990,29990
"SAMSUNG Galaxy M21 (Midnight Blue, 64 GB)",4 GB,64 GB,5941,455,4.3,1999,14459
"ViVO Y20 (Obsidian Black, 64 GB)",4 GB,64 GB,14024,831,4.4,3999,12990
Snexian Rock,32 MB,32 MB,8525,573,4,1581,1299
Snexian Rock,32 MB,32 MB,8525,573,4,14999,1349
"SAMSUNG M01 core (Black, 16 GB)",1 GB,16 GB,5569,457,4,759,5087
Kechaoda K33,32 MB,32 MB,4311,339,4.1,34999,999
Nokia 5310 DS 2020,8 MB,16 MB,5282,347,4.2,31999,3289
SAMSUNG Guru FM Plus,,,21692,2009,4.2,3999,1573
"realme 6i (Eclipse Black, 64 GB)",4 GB,64 GB,58780,6265,4.4,,12999
Grabo G312,64 MB,64 MB,2409,195,3.6,,689
"realme X3 SuperZoom (Arctic White, 256 GB)",12 GB,256 GB,2004,252,4.3,,32999
"realme X3 SuperZoom (Glacier Blue, 256 GB)",8 GB,256 GB,6892,770,4.4,,29999
Nokia 5310 DS 2020,8 MB,16 MB,5282,347,4.2,,3317
GREENBERRI F1,64 MB,64 MB,119,9,4.1,,1399
GREENBERRI F1,64 MB,64 MB,119,9,4.1,9999,1399
"Tecno Spark 6 Go (Ice Jadeite, 64 GB)",4 GB,64 GB,2899,138,4.3,15490,8699
"ViVO Y20A (Dawn White, 64 GB)",3 GB,64 GB,288,21,4.4,15490,11490
"ViVO Y20A (Nebula Blue, 64 GB)",3 GB,64 GB,288,21,4.4,14999,11490
"SAMSUNG Galaxy A12 (Blue, 128 GB)",4 GB,128 GB,363,31,4.2,13999,13999
"ViVO Y20 (Purist Blue, 64 GB)",4 GB,64 GB,14024,831,4.4,11999,13990
"Tecno POVA (Magic Blue, 128 GB)",6 GB,128 GB,928,102,4.2,16930,12499
"Tecno POVA (Speed Purple, 64 GB)",4 GB,64 GB,3824,428,4.3,27990,10499
Itel IT2163,4 MB,4 MB,396,30,4,1308,799
Itel IT2163,4 MB,4 MB,396,30,4,9990,805
Itel IT2163,4 MB,4 MB,396,30,4,14299,810
"realme 6 Pro (Lightning Blue, 128 GB)",8 GB,128 GB,29804,3507,4.4,13896,19999
"SAMSUNG M31 Prime (Space Black, 128 GB)",6 GB,128 GB,482,42,4.4,11975,16880
"SAMSUNG Galaxy M31 (Ocean Blue, 128 GB)",8 GB,128 GB,662,42,4.3,11979,21490
"ViVO V20 2021 (Sunset Melody, 128 GB)",8 GB,128 GB,1481,157,4.4,7949,24990
Nokia 105 DS 2020,4 MB,4 MB,11518,917,4.2,,1295
"ViVO Y91i (Ocean Blue, 32 GB)",2 GB,32 GB,38294,2745,4.3,,7990
BlackZone ECO X,32 MB,32 MB,3692,261,4,,1470
BlackZone ECO X,32 MB,32 MB,3692,261,4,,1470
"Redmi Note 9 Pro (Interstellar Black, 64 GB)",4 GB,64 GB,18211,1299,4.4,,13190
"Redmi 9 Power (Blazing Blue, 128 GB)",6 GB,128 GB,187,13,4.3,,13439
"OPPO A15s (Dynamic Black, 64 GB)",4 GB,64 GB,107,4,4.4,,10990
"OPPO A15S (Rainbow Silver, 64 GB)",4 GB,64 GB,107,4,4.4,,11490
"Redmi 9A (Nature Green, 32 GB)",3 GB,32 GB,3725,227,4.3,,7818
LAVA 34 Ultra,24 MB,32 MB,60,11,4.2,1599,1458
"SAMSUNG GALAXY M51 (ELECTRIC BLUE, 128 GB)",6 GB,128 GB,771,58,4.3,28990,22899
SAMSUNG Guru FM Plus SM-B110E/D,,,54274,5604,4.3,1662,1449
LAVA A5,32 MB,24 MB,5160,518,4.1,1489,1206
LAVA A5,32 MB,24 MB,5160,518,4.1,1549,1206
LAVA A5,32 MB,24 MB,5160,518,4.1,1489,1206
Kechaoda K115,32 MB,32 MB,18672,1616,4.1,937,908
Kechaoda K115,32 MB,32 MB,18672,1616,4.1,10999,954
Kechaoda K115,32 MB,32 MB,18672,1616,4.1,10999,923
"Panasonic Eluga I7 (Black, 16 GB)",2 GB,16 GB,5824,592,3.7,15999,5005
"realme 3i (Diamond Blue, 64 GB)",4 GB,64 GB,77562,6570,4.4,24999,10499
"realme 3i (Diamond Red, 64 GB)",4 GB,64 GB,77562,6570,4.4,23999,10499
"realme 6i (Lunar White, 64 GB)",6 GB,64 GB,80238,7369,4.4,3514,13999
"Moto G 5G (Frosted Silver, 128 GB)",6 GB,128 GB,10097,1163,4.2,2499,20999
KARBONN KX3,32 MB,32 MB,4580,372,3.9,14999,849
"SAMSUNG Galaxy A31 (Prism Crush Black, 128 GB)",6 GB,128 GB,8219,782,4.3,14999,17999
Nokia 3310 DS 2020,,16 MB,29811,3243,3.8,18990,3510
Micromax X746,32 MB,32 MB,11356,1338,4,20990,1345
"ViVO Y30 (Dazzle Blue, 128 GB)",6 GB,128 GB,1191,83,4.3,,16990
"SAMSUNG Galaxy A12 (Black, 128 GB)",4 GB,128 GB,363,31,4.2,,13999
"Redmi Note 9 (Arctic White, 64 GB)",4 GB,64 GB,17436,1305,4.3,,11599
"realme C3 (Blazing Red, 32 GB)",3 GB,32 GB,134812,10263,4.4,,8999
"ViVO Y20G (Purist Blue, 128 GB)",6 GB,128 GB,206,15,4.4,,14990
"ViVO S1 Pro (Dreamy White, 128 GB)",8 GB,128 GB,31000,2519,4.4,,18990
"ViVO S1 Pro (Dreamy White, 128 GB)",8 GB,128 GB,30972,2517,4.4,20990,18990
"ViVO V20 Pro (Midnight Jazz, 128 GB)",8 GB,128 GB,5692,600,4.4,34990,29990
"ViVO V20 Pro (Sunset Melody, 128 GB)",8 GB,128 GB,5692,600,4.4,34990,29990
Micromax X746,32 MB,32 MB,11349,1334,4,27990,1325
"ViVO V20 2021 (Sunset Melody, 128 GB)",8 GB,128 GB,1468,156,4.4,1099,24990
Kechaoda A26,32 MB,32 MB,6307,531,4.1,1099,899
Kechaoda A26,32 MB,32 MB,6307,531,4.1,7589,899
GREENBERRI F1,64 MB,64 MB,119,9,4.1,999,1399
"SAMSUNG Galaxy M02 (Black, 32 GB)",2 GB,32 GB,115,11,4.2,8999,7446
Kechaoda K10,32 MB,32 MB,8527,616,4,4699,859
"realme 6 Pro (Lightning Orange, 64 GB)",6 GB,64 GB,58242,6362,4.4,1907,17999
"Redmi 8A Dual (Midnight Grey, 32 GB)",3 GB,32 GB,12896,866,4.2,1110,8090
"I Kall K4 (Red, 16 GB)",2 GB,16 GB,3169,276,3.3,1049,4299
SAMSUNG Guru Music 2,,0 MB,166490,16285,4.3,23999,1887
LAVA A1,24 MB,24 MB,90264,10050,4.2,1489,1077
LAVA A1,4 MB,24 MB,14477,1413,4.2,1269,1039
"ADCOM A115 Voice Changer Phone, Dual SIM",32 MB,32 MB,34,1,3.2,1358,899
"SAMSUNG Galaxy A31 (Prism Crush White, 128 GB)",6 GB,128 GB,8206,782,4.3,13999,17999
LAVA A5,32 MB,24 MB,5151,518,4.1,,1206
Itel Power 400,32 MB,32 MB,2387,239,4.1,,1239
SAMSUNG Guru GT,153 MB,153 MB,3095,263,4.1,,1349
"Redmi 9 Prime (Matte Black, 128 GB)",4 GB,128 GB,71238,4812,4.4,,11789
BlackZone ECO X,32 MB,32 MB,3686,261,4,,1470
BlackZone ECO X,32 MB,32 MB,3686,261,4,,1470
BlackZone ECO X,32 MB,32 MB,3692,261,4,679,1470
GFive A1,32 MB,32 MB,209,18,3.7,1299,645
"Panasonic Eluga I8 (Charcoal Black, 32 GB)",3 GB,32 GB,1898,225,3.9,7999,6999
I Kall K 666,64 MB,64 MB,209,24,3.8,2308,1249
"Redmi Note 9 Pro (Glacier White, 64 GB)",4 GB,64 GB,18211,1299,4.4,905,13410
"SAMSUNG Galaxy M02 (Blue, 32 GB)",2 GB,32 GB,118,11,4.2,930,7411
SAMSUNG Metro 313 Dual Sim,10 MB,2 MB,11148,1028,4.3,24990,2295
Kechaoda A26,32 MB,32 MB,6312,532,4.1,14999,895
Kechaoda K115,32 MB,32 MB,18672,1616,4.1,1099,904
Kechaoda K115,32 MB,32 MB,18672,1616,4.1,9990,949
Kechaoda K115,32 MB,32 MB,18672,1616,4.1,1349,920
Kechaoda K115,32 MB,32 MB,18672,1616,4.1,1349,955
Kechaoda K33,32 MB,32 MB,4311,339,4.1,14999,969
"ViVO V20 SE (Aquamarine Green, 128 GB)",8 GB,128 GB,3326,259,4.3,44900,19990
"realme 6i (Lunar White, 64 GB)",4 GB,64 GB,58780,6265,4.4,1849,12999
Kechaoda A27,32 MB,32 MB,2921,262,4.1,2297,899
"ViVO Y91i (Ocean Blue, 32 GB)",2 GB,32 GB,38294,2745,4.3,12990,7990
Kechaoda K30,32 MB,32 MB,391,20,4,,999
Kechaoda K30,32 MB,32 MB,391,20,4,,1049
"MOTOROLA G9 (Sapphire Blue, 64 GB)",4 GB,64 GB,41764,4419,4.2,,10999
"APPLE iPhone SE (White, 128 GB)",,128 GB,93231,7967,4.5,,34999
LAVA Gem,32 MB,32 MB,1665,172,4.2,,1499
SAMSUNG Metro 313 Dual Sim,4 MB,2.27 MB,20153,2182,4.3,,2266
"OPPO A33 (Moonlight Black, 32 GB)",3 GB,32 GB,1835,129,4.2,,10990
"SAMSUNG M02s (Black, 64 GB)",4 GB,64 GB,156,12,4.1,11490,10313
MU M5000,32 MB,32 MB,227,36,3.9,1187,1099
Lava Pulse Mobile Phone-With BP & Heart Rate Monitor,32 MB,32 MB,1228,178,4.1,1949,1449
Snexian Rock,32 MB,32 MB,8525,573,4,1999,1299
Itel Power 400,32 MB,32 MB,2391,239,4.1,1249,1203
GFive U220 Combo of Two,32 MB,32 MB,329,18,3.8,1149,1139
"OPPO A52 (Twilight Black, 128 GB)",6 GB,128 GB,3704,288,4.3,16900,16499
LAVA Hero 600+,4 MB,3 MB,790,70,4.2,869,783
Snexian GURU 312,32 MB,32 MB,374,35,3.5,13999,610
Micromax J1,32 MB,32 MB,7,0,4.6,5499,796
"Tecno POVA (Dazzle Black, 128 GB)",6 GB,128 GB,928,102,4.2,6162,12499
"SAMSUNG M01 core (Blue, 16 GB)",1 GB,16 GB,5569,457,4,5259,5258
"SAMSUNG M01 core (Black, 32 GB)",2 GB,32 GB,5598,498,3.9,18989,6067
UiSmart Ui06,512 MB,32 MB,9,0,3.1,1877,1390
KARBONN KX26,32 MB,32 MB,1912,189,3.9,919,1120
"SAMSUNG M01 core (Red, 16 GB)",1 GB,16 GB,5569,457,4,11999,5246
"OPPO F17 (Dynamic Orange, 128 GB)",8 GB,128 GB,685,51,4.3,19999,18479
SAMSUNG Guru Music 2 SM-B310E,,16 GB,5588,437,4.2,2499,1860
BlackZone TURBO 353,64 MB,64 MB,188,14,4,,849
"Infinix Hot 9 (Violet, 64 GB)",4 GB,64 GB,105501,7736,4.4,,9499
"SAMSUNG Galaxy A21s (Black, 64 GB)",6 GB,64 GB,6204,577,4.2,,14999
Snexian Rock,32 MB,32 MB,8525,573,4,,1285
Snexian Rock,32 MB,32 MB,8525,573,4,,1349
Micromax X744,32 MB,32 MB,8820,930,3.9,,1179
Snexian Rock,32 MB,32 MB,8520,572,4,2499,1349
Micromax X744,32 MB,32 MB,8802,929,3.9,9990,1179
"ViVO Y91i (Fusion Black, 32 GB)",2 GB,32 GB,38282,2745,4.3,27990,7990
"ViVO V20 2021 (Midnight Jazz, 128 GB)",8 GB,128 GB,1468,156,4.4,1099,24990
Kechaoda A26,32 MB,32 MB,6307,531,4.1,899,899
GFive U707,32 MB,64 MB,5037,544,3.6,13999,625
"Nokia 3.4 (Fjord, 64 GB)",4 GB,64 GB,44,5,4.1,1581,11999
SAMSUNG Guru FM Plus,,,21684,2008,4.2,919,1573
BlackZone TURBO 353,64 MB,64 MB,187,14,4,34990,849
Geotel K9 Flip,32 MB,32 MB,3,0,3.7,8999,1349
"ViVO V19 (Piano Black, 256 GB)",8 GB,256 GB,12684,1300,4.4,1099,27990
Kechaoda K-55 Plus,512 MB,32 MB,8066,746,4,6284,1199
"Redmi 8A (Ocean Blue, 32 GB)",3 GB,32 GB,134962,10567,4.3,3299,7499
Kechaoda K10,32 MB,32 MB,8527,616,4,1099,859
"SAMSUNG M01 core (Red, 32 GB)",2 GB,32 GB,5584,496,3.9,21990,6137
Nokia 216 DS 2020,16 MB,16 MB,42566,4718,4.2,1325,2899
BlackZone S13,32 MB,32 MB,35,3,4.3,2499,1029
"ViVO Y51 (Titanium Sapphire, 128 GB)",8 GB,128 GB,2876,220,4.3,25990,17990
Itel Power 400,32 MB,32 MB,2387,239,4.1,19900,1202
Micromax X807,32 MB,32 MB,5762,454,4,914,1475
"OPPO F17 Pro (Magic Blue, 128 GB)",8 GB,128 GB,7382,561,4.4,2399,21490
"SAMSUNG Galaxy M31 (Ocean Blue, 128 GB)",8 GB,128 GB,661,42,4.3,,19398
Itel U10,32 MB,32 MB,175,15,4.1,,898
Nokia 125 DS 2020,4 MB,4 MB,2784,194,4,,1999
"Redmi Note 9 Pro (Aurora Blue, 64 GB)",4 GB,64 GB,18211,1299,4.4,15980,13970
Micromax X412,32 MB,32 MB,8000,698,3.9,873,845
"ViVO Y51 (Titanium Sapphire, 128 GB)",8 GB,128 GB,2882,220,4.3,21990,17990
"SAMSUNG Galaxy A12 (White, 64 GB)",4 GB,64 GB,363,31,4.2,13999,12999
Micromax X381,32 MB,32 MB,940,79,4,11990,893
"SAMSUNG Galaxy M11 (Violet, 64 GB)",4 GB,64 GB,6291,511,4.2,24990,10995
"ViVO V20 SE (Gravity Black, 128 GB)",8 GB,128 GB,3326,259,4.3,1109,19990
KARBONN KX26,32 MB,32 MB,1912,189,3.9,11999,1089
"Infinix Hot 9 (Quetzal Cyan, 64 GB)",4 GB,64 GB,105501,7736,4.4,11999,9499
"Infinix Hot 9 (Ocean Wave, 64 GB)",4 GB,64 GB,105501,7736,4.4,10990,9499
"OPPO A1K (Red, 32 GB)",2 GB,32 GB,13059,842,4.3,6499,7990
"LAVA Z61 Pro (Champagne Gold, 16 GB)",2 GB,16 GB,2929,359,4,759,5277
Grabo G312,64 MB,64 MB,2409,195,3.6,1250,689
Kechaoda K28,32 MB,64 MB,1417,129,4.1,1175,1089
Kechaoda K28,32 MB,64 MB,1417,129,4.1,14470,1125
"Redmi Note 9 Pro (Interstellar Black, 128 GB)",4 GB,128 GB,18211,1299,4.4,919,14338
BlackZone TURBO 353,64 MB,64 MB,188,14,4,13999,849
"Tecno Camon 16 (Purist Blue, 64 GB)",4 GB,64 GB,3888,392,4.3,13999,11499
"Tecno Camon 16 (Cloud White, 64 GB)",4 GB,64 GB,3888,392,4.3,29999,11499
KARBONN K310n,32 MB,32 MB,2365,316,3.8,34999,729
LAVA A5,32 MB,24 MB,5160,518,4.1,29999,1296
"realme X3 SuperZoom (Arctic White, 128 GB)",8 GB,128 GB,6892,770,4.4,,27999
"realme X3 SuperZoom (Glacier Blue, 256 GB)",12 GB,256 GB,2004,252,4.3,,32999
"realme X3 SuperZoom (Glacier Blue, 128 GB)",8 GB,128 GB,6892,770,4.4,,27999
"SAMSUNG Galaxy A12 (White, 64 GB)",4 GB,64 GB,358,31,4.2,13999,12999
KARBONN K310n,32 MB,32 MB,2363,315,3.8,1320,729
KARBONN KX1Indian,32 MB,32 MB,241,19,4,14380,799
Micromax X752,32 MB,32 MB,73,13,4.3,10990,1290
"Redmi Note 9 (Scarlet Red, 128 GB)",4 GB,128 GB,17411,1304,4.3,18790,14350
"OPPO A11K (Deep Blue, 32 GB)",2 GB,32 GB,5033,396,4.2,860,8490
"Redmi Note 9 Pro Max (Glacier White, 64 GB)",6 GB,64 GB,23336,1884,4.4,1349,16990
Kechaoda K10,32 MB,32 MB,8527,616,4,1099,847
Micromax X512,56 MB,24 MB,5924,564,3.9,30990,945
Kechaoda K30,32 MB,32 MB,388,20,4,30990,1049
"OPPO A52 (Stream White, 128 GB)",8 GB,128 GB,120,11,4.3,5999,18888
"ViVO Y91i (Fusion Black, 16 GB)",2 GB,16 GB,38282,2745,4.3,13999,8199
"ViVO Y91i (Ocean Blue, 16 GB)",2 GB,16 GB,38282,2745,4.3,8499,8950
BlackZone S13,32 MB,32 MB,35,3,4.3,18699,1029
"ViVO V20 2021 (Midnight Jazz, 256 GB)",8 GB,256 GB,1468,156,4.4,6499,27990
"ViVO V20 2021 (Sunset Melody, 256 GB)",8 GB,256 GB,1468,156,4.4,739,27990
"Redmi Go (Black, 8 GB)",1 GB,8 GB,165953,13261,4.3,14999,4499
"SAMSUNG Galaxy A12 (Black, 64 GB)",4 GB,64 GB,358,31,4.2,13999,12999
"LAVA Z66 (Midnight Blue, 32 GB)",3 GB,32 GB,3630,538,4,,7227
"Redmi Note 9 Pro Max (Champagne Gold, 128 GB)",6 GB,128 GB,23336,1884,4.4,,18345
"LAVA Z61 Pro (Champagne Gold, 16 GB)",2 GB,16 GB,2925,358,4,,5277
ANGAGE A310,64 MB,64 MB,119,11,3.4,,669
"SAMSUNG Galaxy A12 (White, 128 GB)",4 GB,128 GB,358,31,4.2,,13999
"Tecno POVA (Speed Purple, 128 GB)",6 GB,128 GB,926,102,4.2,,12499
Micromax X744,32 MB,32 MB,8802,929,3.9,15990,1429
"ViVO Z1Pro (Sonic Blue, 64 GB)",4 GB,64 GB,354393,35383,4.5,1849,14990
LAVA A9,24 MB,32 MB,2136,230,4.1,1849,1519
LAVA A9,24 MB,32 MB,2136,230,4.1,1849,1519
LAVA A9,24 MB,32 MB,2136,230,4.1,25999,1519
"SAMSUNG Galaxy A51 (Prism Crush Blue, 128 GB)",6 GB,128 GB,8708,1039,4.3,1079,20999
I Kall K 444,32 MB,64 MB,2931,257,3.8,6099,1049
"Itel A48 (Gradation Black, 32 GB)",2 GB,32 GB,195,16,3.9,5999,5990
"Itel A48 (Gradation Green, 32 GB)",2 GB,32 GB,195,16,3.9,12990,5990
Micromax X749,32 MB,32 MB,2398,299,4.1,5299,1225
Micromax X749,32 MB,32 MB,2398,299,4.1,1182,1210
"Redmi Note 8 (Neptune Blue, 64 GB)",4 GB,64 GB,49486,3632,4.4,957,12644
"GIONEE F8 Neo (Black, 32 GB)",2 GB,32 GB,431,37,3.9,13461,5099
"GIONEE F8 Neo (Blue, 32 GB)",2 GB,32 GB,431,37,3.9,,5099
Micromax X809,32 MB,32 MB,1743,145,3.9,,1180
Kechaoda K33,32 MB,32 MB,4305,339,4.1,,940
Kechaoda K33,32 MB,32 MB,4305,339,4.1,,945
Kechaoda K33,32 MB,32 MB,4305,339,4.1,,954
Kechaoda K33,32 MB,32 MB,4305,339,4.1,,945
"OPPO A31 (Lake Green, 64 GB)",4 GB,64 GB,18526,1285,4.3,,11988
KARBONN K9,,,5681,519,4.1,,1248
Forme Rocket,12 MB,15 MB,159,20,3.9,,799
"Redmi Note 9 (Aqua Green, 128 GB)",4 GB,128 GB,17411,1304,4.3,,13211
GFive i1,32 MB,32 MB,20,9,4,,749
Good One Magic,32 MB,32 MB,2036,175,4,929,1499
Good One Magic,32 MB,32 MB,2036,175,4,1412,1499
Good One Magic,32 MB,32 MB,2036,175,4,1485,1499
I Kall K 38 Plus,32 MB,64 MB,392,38,3.7,17999,899
Kechaoda K6,50 MB,50 MB,1222,131,3.9,919,870
Nokia 105 DS 2020,4 MB,4 MB,11513,915,4.2,894,1322
Itel Muzik 400,4 MB,4 MB,1251,144,4.1,25990,1479
"Redmi Note 9 Pro (Glacier White, 128 GB)",4 GB,128 GB,18180,1294,4.4,25990,14598
BlackZone TURBO 353,64 MB,64 MB,187,14,4,789,849
Micromax X381,32 MB,32 MB,939,79,4,20990,848
"OPPO F17 Pro (Matte Black, 128 GB)",8 GB,128 GB,7382,561,4.4,899,21490
"OPPO F17 Pro (Metallic White, 128 GB)",8 GB,128 GB,7382,561,4.4,,21490
Micromax J1,32 MB,32 MB,7,0,4.6,,799
"Ismart i1 Supreme (Black, 32 GB)",2 GB,32 GB,155,7,2.9,,5190
Tork T13 Banana,32 MB,32 MB,501,42,4,,849
Tork T13 Banana,32 MB,32 MB,501,42,4,,799
Tork T13 Banana,32 MB,32 MB,501,42,4,,799
Itel IT2173,4 MB,4 MB,96,10,4.1,,899
KARBONN K310n,32 MB,32 MB,2363,315,3.8,,799
Grabo HULK,64 MB,64 MB,373,30,3.5,,719
KARBONN KX1Indian,32 MB,32 MB,241,19,4,,825
Snexian Rock,32 MB,32 MB,8520,572,4,,1349
"OPPO A52 (Twilight Black, 128 GB)",8 GB,128 GB,120,11,4.3,,18990
KARBONN KX1 Indian,32 MB,32 MB,26,2,4.1,,885
KARBONN K140 Pop,32 MB,32 MB,3773,354,3.9,932,865
"Redmi Note 10 Pro Max (Glacial Blue, 128 GB)",6 GB,128 GB,5924,564,3.9,1499,21900
"Redmi Note 10 Pro Max (Vintage Bronze, 128 GB)",6 GB,128 GB,2143,229,3.9,17990,21900
"Redmi Note 10 Pro Max (Dark Night, 128 GB)",6 GB,128 GB,158590,15565,4.5,759,21900
Micromax X512,56 MB,24 MB,1030,82,3.7,19999,921
Micromax X388,32 MB,32 MB,112,11,3.8,54900,1060
"ViVO Z1Pro (Sonic Black, 64 GB)",6 GB,64 GB,240643,28836,4.3,6999,15990
Grabo G310 Vibration,64 MB,64 MB,36305,2815,4.6,1250,689
LAVA Hero 600s,4 MB,3 MB,19430,1646,4,9999,790
"SAMSUNG Galaxy F41 (Fusion Blue, 64 GB)",6 GB,64 GB,9,0,4,6499,15999
"APPLE iPhone 11 (Yellow, 64 GB)",,64 GB,2784,194,4,9999,46999
Kechaoda K66 Plus,32 MB,64 MB,1417,129,4.1,59900,1199
"Itel vision 1 pro (AURORA BLUE, 32 GB)",2 GB,32 GB,16934,1272,4.2,15999,6550
Nokia 125 DS 2020,4 MB,4 MB,2925,358,4,15999,1999
Kechaoda K28,32 MB,64 MB,61,5,4.1,,1089
"SAMSUNG Galaxy M01 (Blue, 32 GB)",3 GB,32 GB,61,5,4.1,,7931
"LAVA Z61 Pro (Lavender Blue, 16 GB)",2 GB,16 GB,292,42,4.1,,5277
Kechaoda K 06,32 MB,64 MB,2143,229,3.9,,1099
Kechaoda K 06,32 MB,64 MB,36305,2815,4.6,,1099
"GIONEE Max Pro (Blue, 32 GB)",3 GB,32 GB,1332,77,4.4,,6999
Micromax X388,32 MB,32 MB,1332,77,4.4,,949
"APPLE iPhone 11 (Red, 128 GB)",,128 GB,,,4.3,,53999
"Redmi Note 9 Pro (Interstellar Black, 128 GB)",6 GB,128 GB,,,5,,14999
"Redmi Note 9 Pro (Aurora Blue, 128 GB)",6 GB,128 GB,,,4,,14999
Micromax X1i-2017,,32 MB,1937,217,3.8,1399,849
Micromax X1i-2017,,32 MB,1691,214,3.8,1289,989
LAVA Hero 600+,4 MB,3 MB,790,70,4.2,1648,859
"Infinix S5 Pro (Violet, 64 GB)",4 GB,64 GB,29808,2912,4.4,1490,12999
"Infinix S5 Pro (Forest Green, 64 GB)",4 GB,64 GB,29808,2912,4.4,894,12999
"Infinix S5 Pro (Sea Blue, 64 GB)",4 GB,64 GB,29808,2912,4.4,4399,12999
Itel Power 400,32 MB,32 MB,2391,239,4.1,780,1248
Snexian BOLD 511,32 MB,32 MB,80,8,3.7,20500,999
Kechaoda K60,32 MB,32 MB,1089,107,4,21990,1499
KARBONN K19 Rock,32 MB,32 MB,2480,222,3.9,860,894
KARBONN KX23,32 MB,32 MB,1383,110,4,,1149
"realme 6 Pro (Lightning Blue, 128 GB)",8 GB,128 GB,29804,3507,4.4,,19999
Itel IT 2163,32 MB,32 MB,3304,311,4,,880
Nokia 3310 DS 2020,,16 MB,29811,3243,3.8,,3589
Itel IT2173,4 MB,4 MB,98,10,4.1,,949
Itel IT2173,4 MB,4 MB,98,10,4.1,,929
DETEL D1 Guru,32 MB,32 MB,7580,739,3.6,,760
"Mi A2 (Red, 128 GB)",6 GB,128 GB,3064,280,4.1,,13999
"ViVO Y51 (Crystal Symphony, 128 GB)",8 GB,128 GB,2882,220,4.3,,17990
Micromax X382,32 MB,32 MB,178,12,4,,857
"Redmi 8A Dual (Sky White, 32 GB)",3 GB,32 GB,12901,866,4.2,,8999
Itel Power 410,4 MB,4 MB,32,3,4.2,,1259
Itel Power 410,4 MB,4 MB,32,3,4.2,,1249
Kechaoda K10,32 MB,32 MB,8531,617,4,,847
"OPPO A11K (Flowing Silver, 32 GB)",2 GB,32 GB,5034,396,4.2,10990,8490
"realme 3i (Diamond Black, 32 GB)",3 GB,32 GB,296035,26267,4.4,8999,8499
"realme 6i (Eclipse Black, 64 GB)",6 GB,64 GB,80238,7369,4.4,15999,13999
I Kall K 18 NEW,32 MB,64 MB,1836,194,3.7,1099,1049
"OPPO A31 (Lake Green, 128 GB)",6 GB,128 GB,21011,1330,4.3,25999,14990
"OPPO A31 (Fantasy White, 64 GB)",4 GB,64 GB,18532,1285,4.3,12999,11848
"SAMSUNG Galaxy A51 (Prism Crush Black, 128 GB)",6 GB,128 GB,8719,1039,4.3,11999,20999
"realme 3 (Diamond Red, 64 GB)",4 GB,64 GB,171675,16639,4.4,10999,9499
"realme 3 (Radiant Blue, 64 GB)",3 GB,64 GB,451638,44037,4.5,12999,9499
"realme 3 (Radiant Blue, 32 GB)",3 GB,32 GB,451638,44037,4.5,10999,8499
"realme 3 (Dynamic Black, 64 GB)",4 GB,64 GB,171675,16639,4.4,8499,10499
"realme 3 (Diamond Red, 32 GB)",3 GB,32 GB,451638,44037,4.5,12758,8499
"SAMSUNG Galaxy M02 (Gray, 32 GB)",3 GB,32 GB,105,13,4,11499,8184
"Redmi 9 Power (Mighty Black, 128 GB)",4 GB,128 GB,3873,307,4.3,1499,12299
"Nokia 2.4 (Fjord Blue, 64 GB)",3 GB,64 GB,442,46,4.1,8499,10399
Micromax X380,32 MB,32 MB,10408,1190,3.9,20990,1050
"LAVA Z66 (Berry Red, 32 GB)",3 GB,32 GB,3639,539,4,1249,7227
"ViVO Z1Pro (Sonic Blue, 128 GB)",6 GB,128 GB,158599,15565,4.5,9999,17990
GFive A2 Combo of Two,32 MB,32 MB,313,30,3.7,,1239
BlackBear i7 Trio,24 MB,24 MB,122,10,3.9,,1699
KARBONN K9 Mini,32 MB,32 MB,1192,70,3.8,,889
Kechaoda K-9,64 MB,64 MB,806,99,4,,1120
"SAMSUNG M02s (Blue, 32 GB)",3 GB,32 GB,89,3,4.1,,9323
"Redmi 9 Prime (Sunrise Flare, 128 GB)",4 GB,128 GB,71603,4834,4.4,,11849
Micromax X748,32 MB,32 MB,1309,149,4.1,990,1339
KARBONN K140 Pop,32 MB,32 MB,3775,355,3.9,20990,799
Itel Magic2 Max,8 MB,8 MB,113,10,4.1,20990,1418
"Redmi Note 9 Pro (Champagne Gold, 128 GB)",4 GB,128 GB,18211,1299,4.4,799,15999
"OPPO F17 (Classic Silver, 128 GB)",6 GB,128 GB,4491,356,4.2,660,16990
"OPPO F17 (Navy Blue, 128 GB)",6 GB,128 GB,4491,356,4.2,9689,16990
Micromax X412,32 MB,32 MB,8000,698,3.9,19990,738
Kechaoda K28,32 MB,64 MB,1417,129,4.1,5999,1080
GFive U220+,32 MB,32 MB,3080,393,3.5,5999,650
GREENBERRI F1,64 MB,64 MB,119,9,4.1,13999,1399
GREENBERRI F1,64 MB,64 MB,119,9,4.1,970,1399
GREENBERRI F1,64 MB,64 MB,119,9,4.1,919,1399
"Redmi 9i (Sea Blue, 128 GB)",4 GB,128 GB,224446,12759,4.3,,10999
"Redmi Note 8 Pro (Shadow Black, 128 GB)",8 GB,128 GB,11931,1041,4.4,,19999
"OPPO A15 (Rainbow Silver, 32 GB)",2 GB,32 GB,74,6,4,,9449
"ViVO S1 (Skyline Blue, 128 GB)",4 GB,128 GB,11590,842,4.5,,16990
UiSmart Ui-06,512 MB,256 MB,340,22,3.8,,1390
UiSmart Ui-06,512 MB,256 MB,340,22,3.8,,1390
"Itel A25 Pro (Gradation Green, 32 GB)",2 GB,32 GB,328,33,4,,4999
"Itel A25 Pro (Gradation Purple, 32 GB)",2 GB,32 GB,328,33,4,,4999
LAVA A1200,32 MB,24 MB,1933,232,4.2,,1277
"SAMSUNG Galaxy A12 (Blue, 64 GB)",4 GB,64 GB,363,31,4.2,,12999
KARBONN K9 POWER,24 MB,32 MB,61,0,4,,959
Grabo NORD,64 MB,64 MB,848,85,3.8,,849
Grabo NORD,64 MB,64 MB,848,85,3.8,919,849
LAVA A1 super,4 MB,3 MB,1161,87,4.1,1099,1039
LAVA A9,24 MB,32 MB,2139,231,4.1,769,1589
I Kall K130 New,32 MB,64 MB,5841,541,3.4,819,719
I Kall K 48,32 MB,64 MB,3555,308,3.7,11643,749
Micromax X421,32 MB,32 MB,1378,122,4,898,945
"Redmi 8A Dual (Midnight Grey, 32 GB)",2 GB,32 GB,43208,3267,4.3,679,8499
"SAMSUNG Galaxy M11 (Metallic Blue, 64 GB)",4 GB,64 GB,6291,511,4.2,1354,11195
Kechaoda A27,32 MB,32 MB,2921,262,4.1,8800,889
GFive A1,32 MB,32 MB,209,18,3.7,1099,659
KARBONN KX5,32 MB,32 MB,225,21,4,7999,995
Nokia 105 DS,4 MB,4 MB,16484,1725,4.2,54900,1299
"Coolpad Mega 5S (Gold, 64 GB)",4 GB,64 GB,192,11,3.4,1187,6499
Itel Magic2 Max,8 MB,8 MB,113,10,4.1,679,1449
"Redmi 8A Dual (Sea Blue, 64 GB)",3 GB,64 GB,12901,866,4.2,1749,8699
Kechaoda K33,32 MB,32 MB,4311,339,4.1,22990,969
"Redmi 6A (Gold, 16 GB)",2 GB,16 GB,53920,3724,4.3,,6999
"Apple iPhone SE (White, 256 GB) (Includes EarPods, Power Adapter)",,256 GB,93231,7967,4.5,,44999
MU M5000,32 MB,32 MB,227,36,3.9,,1099
"Redmi Note 9 Pro Max (Aurora Blue, 64 GB)",6 GB,64 GB,23474,1899,4.4,,16890
GFive U229,32 MB,32 MB,2540,338,3.7,,655
"SAMSUNG M31s (Mirage Blue, 128 GB)",8 GB,128 GB,144,8,4.2,,21630
LAVA A7 2020,24 MB,32 MB,579,56,4,,1391
"ViVO S1 (Diamond Black, 128 GB)",6 GB,128 GB,2584,193,4.4,,19990
"APPLE iPhone SE (Black, 64 GB)",,64 GB,93164,7966,4.5,39900,29999
"Apple iPhone SE (Black, 64 GB) (Includes EarPods, Power Adapter)",,64 GB,93164,7966,4.5,39900,29999
"Panasonic ELUGA I6 (Black, 16 GB)",2 GB,16 GB,8353,867,3.7,27999,5001
"Mi 10i (Pacific Sunrise, 128 GB)",8 GB,128 GB,253,21,4.4,13999,26989
"Nokia 3.4 (Dusk, 64 GB)",4 GB,64 GB,44,5,4.1,29999,11999
Jivi 12M-XL,1 MB,16 MB,11,1,3.5,27990,949
"SAMSUNG Galaxy A51 (Prism Crush Black, 128 GB)",8 GB,128 GB,3071,293,4.3,829,22499
"ViVO V20 (Sunset Melody, 128 GB)",8 GB,128 GB,20868,2341,4.3,1449,24990
I Kall K 48,32 MB,64 MB,3553,308,3.7,5999,749
I Kall K3312 Combo,32 MB,64 MB,1852,156,3.6,7999,1399
BlackZone Hammer,,Expandable Upto 8 GB4.57 cm (1.8 inch) Display0.3MP Rear Camera1000 mAh Battery6 Months Waranty,66,13,3.2,19999,619
"SAMSUNG Galaxy M40 (Midnight Blue, 128 GB)",6 GB,128 GB,1150,77,4.2,9999,16999
BlackZone ECO X,64 MB,64 MB,466,44,3.8,,1470
Kechaoda K66 Plus,32 MB,32 MB,19430,1646,4,,1199
"OPPO A15 (Mystery Blue, 32 GB)",2 GB,32 GB,74,6,4,,9438
LAVA A1200,32 MB,24 MB,1931,232,4.2,,1151
"realme X (Onion, 128 GB)",8 GB,128 GB,43139,5224,4.5,,20999
PHILIPS E102A,32 MB,32 MB,49,11,3.8,,1093
"Itel A25 Pro (Gradation Blue, 32 GB)",2 GB,32 GB,328,33,4,,4999
"Redmi 9A (Sea Blue, 32 GB)",3 GB,32 GB,3715,227,4.3,,7990
"APPLE iPhone 12 (White, 256 GB)",,256 GB,1891,169,4.7,,94900
Micromax X1i-2017,,32 MB,1185,139,3.9,,999
"POCO X2 (Phoenix Red, 128 GB)",6 GB,128 GB,255202,27867,4.5,,15999
"SAMSUNG M02s (Black, 32 GB)",3 GB,32 GB,86,2,4.1,,9265
PHILIPS E102A,32 MB,32 MB,49,11,3.8,7999,1093
"Redmi 9A (Sea Blue, 32 GB)",3 GB,32 GB,3725,227,4.3,19999,7990
"APPLE iPhone 12 (White, 256 GB)",,256 GB,1894,169,4.7,9999,94900
Micromax X1i-2017,,32 MB,1186,139,3.9,1099,999
"POCO X2 (Phoenix Red, 128 GB)",6 GB,128 GB,255284,27873,4.5,10999,15999
"SAMSUNG M02s (Black, 32 GB)",3 GB,32 GB,89,3,4.1,12999,9265
Kechaoda K33,32 MB,32 MB,4311,339,4.1,11999,969
"realme 3 (Black, 32 GB)",3 GB,32 GB,451638,44037,4.5,1099,8499
"realme 3 (Black, 64 GB)",4 GB,64 GB,171675,16639,4.4,9999,10499
"realme 3 (Dynamic Black, 64 GB)",3 GB,64 GB,451638,44037,4.5,11499,9499
I Kall K444,64 MB,64MB,599,47,3.7,599,999
Itel ACE,32 MB,32 MB,198,14,4,10990,748
"MOTOROLA E7 Power (Coral Red, 32 GB)",2 GB,32 GB,109,10,4.2,2099,7499
"Nokia 2.4 (Dusk Purple, 64 GB)",3 GB,64 GB,442,46,4.1,1420,10399
Forme N1,32 MB,32 MB,10354,1644,3.6,17999,539
"SAMSUNG M02s (Red, 64 GB)",4 GB,64 GB,156,12,4.1,15999,10849
LAVA Gem Wave / GEM,32 MB,32 MB,919,105,4.2,18999,1499
BlackZone PORSCHE 911,64 MB,64 MB,168,8,3.8,35999,1350
"realme 5 Pro (Sparkling Blue, 128 GB)",8 GB,128 GB,79579,7821,4.5,18999,16999
"realme 5 Pro (Chroma White, 64 GB)",6 GB,64 GB,114628,11102,4.5,,14999
"SAMSUNG Galaxy A21s (Black, 128 GB)",6 GB,128 GB,6204,577,4.2,,17499
"Honor 20 (Midnight Black, 128 GB)",6 GB,128 GB,2559,393,4.4,,22999
"SAMSUNG Galaxy A21s (Silver, 128 GB)",6 GB,128 GB,6204,577,4.2,,17499
KARBONN K-Pebble,12 MB,12 MB,1197,153,4,,1375
"POCO X2 (Phoenix Red, 64 GB)",6 GB,64 GB,255284,27873,4.5,18999,14999
"Mi 10i (Midnight Black, 128 GB)",8 GB,128 GB,255,21,4.4,25888,25210
"OPPO A5s (Black, 32 GB)",2 GB,32 GB,32370,2424,4.3,12990,8990
"SAMSUNG Galaxy A51 (Haze Crush Silver, 128 GB)",6 GB,128 GB,8719,1039,4.3,25999,20999
Grabo ELUGA,64 MB,64 MB,707,58,3.8,779,709
Kechaoda K6,32 MB,64 MB,487,43,3.9,990,857
"APPLE iPhone 12 (Blue, 128 GB)",,128 GB,1894,169,4.7,990,84900
KARBONN KX1i,32 MB,32 MB,104,3,4,990,780
KARBONN KX1i,32 MB,32 MB,104,3,4,106600,780
KARBONN KX1i,32 MB,32 MB,104,3,4,11999,780
Snexian Rock,32 MB,32 MB,8525,573,4,999,1285
KARBONN KX1,32 MB,32 MB,1008,84,3.9,6299,825
"APPLE iPhone 11 Pro (Midnight Green, 64 GB)",,64 GB,6992,514,4.6,1049,79999
"SAMSUNG Galaxy A10s (Black, 32 GB)",3 GB,32 GB,2222,178,4.3,29999,10899
"Tecno Spark Power 2 (Ice Jadeite, 64 GB)",4 GB,64 GB,67623,8034,4.3,1349,9999
Kechaoda K-55 Plus,512 MB,32 MB,8069,746,4,1349,899
GFive A2 Combo of Two,32 MB,32 MB,313,30,3.7,,1259
GFive A2 Combo of Two,32 MB,32 MB,313,30,3.7,,1259
"Itel A48 (Gradation Green, 32 GB)",2 GB,32 GB,195,16,3.8,,5980
Kechaoda K111,32 MB,32 MB,243,14,4,,999
"SAMSUNG Galaxy A51 (Prism Crush Blue, 128 GB)",8 GB,128 GB,3073,294,4.3,,22499
Kechaoda K20,32 MB,32 MB,53,4,4,,1049
Kechaoda K20,32 MB,32 MB,53,4,4,,1049
KXD P2,32 MB,32 MB,22,3,3.6,,925
"SAMSUNG Galaxy A71 (Haze Crush Silver, 128 GB)",8 GB,128 GB,5811,724,4.4,34999,29499
DETEL D1 Guru,32 MB,32 MB,7580,739,3.6,775,765
KARBONN KX26,32 MB,32 MB,1912,189,3.9,1149,1120
"OPPO A15 (Mystery Blue, 32 GB)",3 GB,32 GB,204,10,4.3,9990,9443
"OPPO A15 (Dynamic Black, 32 GB)",2 GB,32 GB,74,6,4,9490,7687
Jio JIOPHONE,512 MB,4 GB,29,1,4.4,1199,1999
"Redmi Note 8 Pro (Shadow Black, 128 GB)",6 GB,128 GB,80619,6974,4.4,1299,17999
Kechaoda K1,32 MB,32 MB,101,9,4,44900,1099
Kechaoda K1,32 MB,32 MB,101,9,4,8999,1099
GFive A1 & A2 Combo of Two Mobiles,32 MB,32 MB,50,2,3.7,26405,1379
"APPLE iPhone 12 (Black, 128 GB)",,128 GB,1894,169,4.7,769,84900
"Apple iPhone SE (White, 128 GB) (Includes EarPods, Power Adapter)",,128 GB,93231,7967,4.5,39900,34999
Good One Magic,32 MB,32 MB,2037,175,4,,1499
Good One Magic,32 MB,32 MB,2037,175,4,,1499
"Redmi 8A (Midnight Black, 32 GB)",3 GB,32 GB,134978,10567,4.3,,7499
I Kall K3312,32 MB,64 MB,10956,1094,3.5,,1499
"SAMSUNG Galaxy M51 (Celestial Black, 128 GB)",8 GB,128 GB,277,23,4.3,,25450
I Kall K2180,32 MB,32 MB,11149,1251,3.7,,699
Ssky S-20 Eco,32 MB,64 MB,23,1,3.8,,749
Itel it2161,32 MB,32 MB,274,14,4,,840
"OPPO A5s (Blue, 32 GB)",3 GB,32 GB,4478,352,4.4,,10590
"APPLE iPhone SE (White, 64 GB)",,64 GB,93231,7967,4.5,,29999
KARBONN KX23,32 MB,32 MB,1383,110,4,,1098
KARBONN Kx23,20 MB,32 MB,200,14,3.7,,1095
Snexian guru 5500,32 MB,32 MB,198,17,3.9,9985,899
Kechaoda K35,32 MB,32 MB,3518,316,3.9,19999,1389
KARBONN K-Stylo,12 MB,32 MB,89,3,4.1,1999,1071
"SAMSUNG M02s (Red, 32 GB)",3 GB,32 GB,255284,27873,4.5,1420,9710
"POCO X2 (Matrix Purple, 128 GB)",6 GB,128 GB,143,15,3.5,940,15999
BlackBear A1 Pen Phone,64 MB,32 MB,168,8,3.8,779,1899
BlackZone PORSCHE 911,64 MB,64 MB,392,22,4.3,29999,1350
MU M370,32 MB,32 MB,57,4,3.5,759,935
BlackZone Shine,10 MB,10 MB,707,58,3.8,20999,599
Grabo ELUGA,64 MB,64 MB,6452,1042,4.3,11999,709
"SAMSUNG Galaxy F62 (Laser Green, 128 GB)",6 GB,128 GB,279,14,4.3,7999,23999
"Tecno Spark 5 Pro (Ice Jadeite, 64 GB)",4 GB,64 GB,80,7,3.9,1749,10155
GFive i2,32 MB,32 MB,23474,1899,4.4,999,749
"Redmi Note 9 Pro Max (Glacier White, 128 GB)",6 GB,128 GB,67623,8034,4.3,,18499
"Tecno Spark Power 2 (Misty Grey, 64 GB)",4 GB,64 GB,118,11,4.2,,9999
"SAMSUNG Galaxy M02 (Red, 32 GB)",2 GB,32 GB,33,3,3.8,,7563
GFive A2 & U873 Combo of Two Mobiles,32 MB,32 MB,43145,5224,4.5,,1257
"realme X (Super Polar White, 128 GB)",8 GB,128 GB,43145,5224,4.5,,21999
"realme X (Garlic, 128 GB)",8 GB,128 GB,1381,147,4.1,,20999
Kechaoda K9,32 MB,64 MB,579,56,4,,1120
LAVA A7 2020,24 MB,32 MB,89,9,3.7,,1391
Tork X9,32 MB,32 MB,3897,456,3.7,,1198
I Kall K50,32 MB,64 MB,1894,169,4.7,,949
"APPLE iPhone 12 (Green, 128 GB)",,128 GB,,,4.5,,84900
Jio F320B,512 MB,4 GB,78,4,4,2090,1999
"SAMSUNG Galaxy A51 (Haze Crush Silver, 128 GB)",8 GB,128 GB,3073,294,4.3,29999,22499
Micromax X756,32 MB,32 MB,3148,346,3.9,1499,1599
KARBONN KX23,20 MB,20 MB,200,14,3.7,1199,1019
Forme Duos N2,32 MB,32 MB,104,10,3.8,1049,699
"APPLE iPhone 12 Pro (Gold, 128 GB)",,128 GB,514,40,4.5,10257,119900
GreenBerry M2 Mini,32 MB,32 MB,31,11,4.3,1490,1399
UiSmart Ui06,512 MB,32 MB,9,0,3.1,9385,1390
Tork T19 Shine,32 MB,32 MB,110,13,3.9,19990,1349
Nokia 225,8 MB,32 GB,6587,511,4,19990,3499
Kechaoda K60,32 MB,32 MB,1089,107,4,15999,1490
Kechaoda A29,32 MB,32 MB,20,1,4.1,,975
Kechaoda A29,32 MB,32 MB,20,1,4.1,,975
"OPPO A15 (Rainbow Silver, 32 GB)",3 GB,32 GB,204,10,4.3,,9965
"realme X2 (Pearl Green, 128 GB)",8 GB,128 GB,44921,5192,4.5,,20999
KARBONN K Phone 1,32 MB,32 MB,208,29,3.8,,1149
Jivi X57i Selfie,0.032 MB,,150,18,3.8,,699
MTR Ferrari,64 MB,64 MB,3965,294,4.1,,1199
MTR Ferrari,64 MB,64 MB,3965,294,4.1,,1199
MTR Ferrari,64 MB,64 MB,3965,294,4.1,,1199
"SAMSUNG Galaxy M01s  (Light Blue, 32 GB)",3 GB,32 GB,469,24,4.2,,9319
"OPPO Reno2 F (Lake Green, 256 GB)",6 GB,256 GB,73999,6737,4.4,,17990
"OPPO Reno2 F (Sky White, 256 GB)",6 GB,256 GB,73999,6737,4.4,,17990
"realme 5 Pro (Sparkling Blue, 64 GB)",6 GB,64 GB,114628,11102,4.5,,14999
"OPPO Reno2 F (Lake Green, 256 GB)",6 GB,256 GB,74000,6737,4.4,19990,17990
"realme 5 Pro (Sparkling Blue, 64 GB)",6 GB,64 GB,114628,11102,4.5,15999,14999
"Itel vision 1 pro (OCEAN BLUE, 32 GB)",2 GB,32 GB,9,0,4,6790,6698
LAVA H1 Hero 600,24 MB,24 MB,1303,111,3.9,799,738
LAVA H1 Hero 600,24 MB,24 MB,1303,111,3.9,799,711
"OPPO A5s (Black, 64 GB)",4 GB,64 GB,37929,2415,4.4,1175,11980
Kechaoda A 31,32 MB,32 MB,115,7,4,999,929
Muphone M380,32 MB,32 MB,60,7,4.1,1099,899
Itel IT5618N,32 MB,32 MB,11,2,4.3,889,1299
KXD C1,32 MB,32 MB,94,4,3.6,898,657
KARBONN K19 Rock,32 MB,32 MB,2480,222,3.9,34990,874
KARBONN KX1,32 MB,32 MB,1008,84,3.9,1454,799
Kechaoda A27,32 MB,32 MB,2921,262,4.1,32990,895
Kechaoda A27,32 MB,32 MB,2921,262,4.1,679,876
Good One Magic,32 MB,32 MB,2037,175,4,1699,1499
KARBONN KX19,32 MB,32 MB,136,14,4.1,1849,899
KARBONN KX19,32 MB,32 MB,136,14,4.1,,899
"ViVO V19 (Mystic Silver, 256 GB)",8 GB,256 GB,12687,1300,4.4,,27990
LAVA Flip,56 MB,56 MB,25,2,4.6,,1879
Itel it5260,8 MB,8 MB,361,43,4.1,,1314
"ViVO V17Pro (Glacier Ice White, 128 GB)",8 GB,128 GB,7488,623,4.5,,29499
GFive U106,32 MB,64 MB,363,28,3.7,,643
MarQ By Flipkart 110 Magic,32 MB,32 MB,2555,353,3.9,,969
Micromax X419,32 MB,32 MB,374,32,4.1,,999
BlackZone B310,10 MB,10 MB,1494,115,3.9,849,779
BlackZone B310,10 MB,10 MB,1494,115,3.9,849,779
BlackZone B310,10 MB,10 MB,1494,115,3.9,849,779
"POCO X2 (Matrix Purple, 128 GB)",6 GB,128 GB,255284,27873,4.5,19999,15999
SAMSUNG Guru FM Plus,,128 MB,21692,2009,4.2,1570,1569
Geotel K9 Flip,32 MB,32 MB,3,0,3.7,18298,1349
Geotel K9 Flip,32 MB,32 MB,3,0,3.7,21990,1349
Geotel K9 Flip,32 MB,32 MB,3,0,3.7,19990,1349
Tork T3,32 MB,32 MB,109,9,3.7,26999,899
"OPPO F17 (Navy Blue, 128 GB)",8 GB,128 GB,685,51,4.3,27990,17383
"OPPO A9 2020 (Marine Green, 128 GB)",8 GB,128 GB,57966,5155,4.3,30990,15990
"Huawei Y9 Prime 2019 (Sapphire Blue, 128 GB)",4 GB,128 GB,1034,109,4.3,30990,16899
KARBONN KX1,32 MB,32 MB,1008,84,3.9,20990,798
"realme X3 (Arctic White, 128 GB)",6 GB,128 GB,2502,318,4.4,2399,24999
"ViVO V20 (Midnight Jazz, 128 GB)",8 GB,128 GB,20879,2342,4.3,990,24990
"ViVO V20 (Midnight Jazz, 256 GB)",8 GB,256 GB,20879,2342,4.3,12999,27990
"ViVO V20 (Sunset Melody, 256 GB)",8 GB,256 GB,20879,2342,4.3,,27990
GreenBerry M2 Mini,32 MB,32 MB,31,11,4.3,,1399
"OPPO F15 (Blazing Blue, 128 GB)",4 GB,128 GB,38035,3230,4.4,,15990
Micromax X750,32 MB,32 MB,1414,168,4.1,,1299
KARBONN K310n,10 MB,10 MB,1280,193,3.9,,698
KARBONN KX1i,32 MB,32 MB,104,3,4,,780
"Redmi Note 8 (Cosmic Purple, 64 GB)",4 GB,64 GB,49504,3632,4.4,,12739
Kechaoda K2,32 MB,32 MB,313,33,3.8,,900
"OPPO A15 (Dynamic Black, 32 GB)",3 GB,32 GB,204,10,4.3,9989,8990
Kechaoda K123,32 MB,32 MB,183,32,4.1,1799,1699
"SAMSUNG Galaxy M11 (Black, 32 GB)",3 GB,32 GB,9838,824,4.2,18999,10675
"GIONEE F11 (Blue, 32 GB)",3 GB,32 GB,43,1,3.7,14999,6799
KARBONN K7 Power,32 MB,32 MB,1530,182,3.7,1999,899
Itel it5607,32 MB,32 MB,489,48,4.1,1199,1125
Itel it5607,32 MB,32 MB,489,48,4.1,1399,1117
"SAMSUNG Galaxy A21s (Blue, 128 GB)",6 GB,128 GB,6204,577,4.2,769,17499
Kechaoda K9,32 MB,64 MB,1381,147,4.1,14000,1099
Kechaoda K9,32 MB,64 MB,1381,147,4.1,985,1140
"realme X2 (Pearl Blue, 128 GB)",8 GB,128 GB,44921,5192,4.5,,20999
"realme 6 (Comet Blue, 64 GB)",4 GB,64 GB,83671,8876,4.4,,13999
Kechaoda K108,64 MB,64 MB,53,12,4,,1799
Kechaoda K102,32 MB,64 MB,3,0,4.7,,999
"realme X (Space Blue, 128 GB)",4 GB,128 GB,106325,13649,4.5,,17999
Tork T13 Banana,32 MB,32 MB,501,42,4,,849
KXD M3+,32 MB,32 MB,37,3,4.1,,799
ANGAGE A312,64 MB,64 MB,54,2,3.4,,699
"LG K42 (Green, 64 GB)",3 GB,64 GB,1461,275,3.7,,10990
"OPPO A15s (Rainbow Silver, 128 GB)",4 GB,128 GB,107,4,4.4,,12490
LAVA ARC 22,,32 GB,275,26,3.7,,1799
Forme Duos1900,32 MB,32 MB,115,21,4,,1099
Kechaoda K33,32 MB,32 MB,4311,339,4.1,,958
Rokea R222,256 MB,32 MB,39,7,3.4,,799
Kechaoda A27,32 MB,32 MB,2921,262,4.1,898,895
Good One Magic,32 MB,32 MB,2037,175,4,2200,1399
LAVA A1200,32 MB,24 MB,1933,232,4.2,12990,1249
Forme N1,32 MB,32 MB,10354,1644,3.6,47900,740
"APPLE iPhone 12 Pro Max (Pacific Blue, 512 GB)",,512 GB,551,44,4.6,20999,159900
KARBONN K-Stylo,12 MB,32 MB,3518,316,3.9,899,1249
Lava Pulse1- with contactless Talking Thermometer,32 MB,32 MB,61,6,4,1175,1595
"Redmi 6A (Black, 16 GB)",2 GB,16 GB,53920,3724,4.3,1175,7399
GFive A1 & A2 Combo of Two Mobiles,32 MB,32 MB,50,2,3.7,29999,1259
"OPPO A5 2020 (Mirror Black, 64 GB)",3 GB,64 GB,2885,230,4.4,,12799
GFive i1,32 MB,32 MB,22,9,3.8,,749
Jivi N300 New,5 MB,32 MB,45,2,4,,949
Tork T27 Power,32 MB,32 MB,200,17,3.5,,1149
"Apple iPhone XR (Coral, 64 GB) (Includes EarPods, Power Adapter)",,64 GB,77597,6641,4.6,,38999
"OPPO A5s (Blue, 64 GB)",4 GB,64 GB,37929,2415,4.4,,11450
"Redmi Note 9 Pro Max (Interstellar Black, 128 GB)",6 GB,128 GB,23474,1899,4.4,,19799
I Kall K22 Combo of Two Mobiles,32 MB,32 MB,342,24,3.4,,1299
KARBONN K106S,10 MB,10 MB,30,3,3.6,,827
Muphone M 230,64 MB,64 MB,115,7,4,,1199
Kechaoda A 31,32 MB,32 MB,115,7,4,,929
Kechaoda A 31,32 MB,32 MB,225,21,4,,929
KARBONN KX5,32 MB,32 MB,6452,1042,4.3,,969
"SAMSUNG Galaxy F62 (Laser Grey, 128 GB)",6 GB,128 GB,513,35,4.2,,23999
"SAMSUNG Galaxy M01s (Gray, 32 GB)",3 GB,32 GB,,,3.6,,9699
"APPLE iPhone 12 (White, 128 GB)",,128 GB,1891,169,4.7,47900,84900
I Kall K33 New,32 MB,64 MB,2134,276,3.6,1199,799
"Apple iPhone XR (Coral, 64 GB) (Includes EarPods, Power Adapter)",,64 GB,77544,6632,4.6,1198,38999
"Redmi 5A (Blue, 32 GB)",3 GB,32 GB,605616,65287,4.4,1180,6999
"SAMSUNG Galaxy M21 (Raven Black, 128 GB)",6 GB,128 GB,1268,92,4.2,39900,15499
Itel it5026,4 MB,4 MB,34,2,3.8,29999,1198
Itel it5026,32 MB,256 KB,7,0,4.4,31999,1199
Itel Power 110,4 MB,4 MB,9,0,3.8,59900,1190
Itel Power 110,4 MB,4 MB,9,0,3.8,1360,1085
"Apple iPhone SE (Red, 64 GB) (Includes EarPods, Power Adapter)",,64 GB,93164,7966,4.5,2790,29999
"SAMSUNG Galaxy F62 (Laser Blue, 128 GB)",6 GB,128 GB,6352,1031,4.3,1399,23999
"APPLE iPhone 12 (White, 64 GB)",,64 GB,1891,169,4.7,34999,79900
"SAMSUNG Galaxy F62 (Laser Grey, 128 GB)",8 GB,128 GB,3224,524,4.3,944,25999
"Apple iPhone 11 (Purple, 128 GB) (Includes EarPods, Power Adapter)",,128 GB,36305,2815,4.6,1499,53999
Micromax X754,32 MB,32 MB,6,0,4,,1350
Easyfone Marvel,32 MB,32 MB,80,10,4.1,,2699
KXD M2+,32 MB,32 MB,20,2,3.7,,799
SAMSUNG Metro 313,4 MB,2.27 MB,1720,158,4.2,,2340
"SAMSUNG Galaxy A71 (Prism Crush Blue, 128 GB)",8 GB,128 GB,5808,724,4.4,,27999
KARBONN KX26i,32 MB,32 MB,176,16,4,,1049
"realme X (Space Blue, 128 GB)",8 GB,128 GB,43139,5224,4.5,,20999
Salora Vishaal,32 MB,32 MB,26,2,3.8,,924
Kechaoda K-55 Plus,512 MB,32 MB,8066,746,4,,946
Kechaoda K-55 Plus,512 MB,32 MB,8066,746,4,,920
I Kall K666+ SMART SERIES,64 MB,64 MB,3,1,3.7,34999,1399
KARBONN KX26i,32 MB,32 MB,176,16,4,944,1049
"SAMSUNG Galaxy A71 (Prism Crush Blue, 128 GB)",8 GB,128 GB,5811,724,4.4,1499,27999
SAMSUNG Metro 313,4 MB,2.27 MB,1720,158,4.2,54900,2340
"realme X (Space Blue, 128 GB)",8 GB,128 GB,43145,5224,4.5,20990,20999
Salora Vishaal,32 MB,32 MB,26,2,3.8,20990,924
Kechaoda K-55 Plus,512 MB,32 MB,8069,746,4,1625,946
Kechaoda K-55 Plus,512 MB,32 MB,8069,746,4,819,920
KARBONN KX 10i,32 MB,32 MB,21,2,3.9,15990,789
KARBONN KX 10i,32 MB,32 MB,21,2,3.9,7190,799
"Apple iPhone 11 (Black, 64 GB) (Includes EarPods, Power Adapter)",,64 GB,36457,2831,4.6,789,46999
Good One G2 MINI,64 MB,64 MB,8,1,4.1,,1399
"OPPO F15 (Lightening Black, 128 GB)",4 GB,128 GB,38035,3230,4.4,,15990
"OPPO F15 (Unicorn White, 128 GB)",4 GB,128 GB,38035,3230,4.4,,15990
SAMSUNG Guru FM Plus,,,21692,2009,4.2,,1567
Grabo 220,64 MB,64 MB,114,13,3.6,,749
Kechaoda A29,32 MB,32 MB,20,1,4.1,,1099
Kechaoda A29,32 MB,32 MB,20,1,4.1,,1099
Kechaoda A29,32 MB,32 MB,20,1,4.1,,1099
"ViVO Z1Pro (Sonic Black, 64 GB)",4 GB,64 GB,354415,35385,4.5,,14990
"Alcatel 5V (Spectrum Black, 32 GB)",3 GB,32 GB,169,37,4.3,,6999
"realme X2 (Pearl Green, 128 GB)",6 GB,128 GB,22282,2558,4.5,,19999
"realme X2 (Pearl White, 128 GB)",6 GB,128 GB,22282,2558,4.5,,19999
Grabo HULK,64 MB,64 MB,373,30,3.5,,719
